id,year,song,artist,sentence
1,1959,Nel Blu Dipinto Di Blu (Volare),Domenico Modugno,"En 1959, ""Nel Blu Dipinto Di Blu (Volare)"" obtuvo el Grammy a Canción del Año y fue interpretada por Domenico Modugno."
2,1959,Nel Blu Dipinto Di Blu (Volare),Domenico Modugno,"La obra ""Nel Blu Dipinto Di Blu (Volare)"", asociada con Domenico Modugno, ganó la categoría Canción del Año en los Grammy de 1959."
3,1959,Nel Blu Dipinto Di Blu (Volare),Domenico Modugno,"Durante la ceremonia de los Grammy de 1959, ""Nel Blu Dipinto Di Blu (Volare)"" fue reconocida como Canción del Año."
4,1959,Nel Blu Dipinto Di Blu (Volare),Domenico Modugno,"El premio Grammy a Canción del Año de 1959 correspondió a ""Nel Blu Dipinto Di Blu (Volare)"", interpretada por Domenico Modugno."
5,1959,Nel Blu Dipinto Di Blu (Volare),Domenico Modugno,"Entre los ganadores históricos de los Grammy figura ""Nel Blu Dipinto Di Blu (Volare)"", premiada como Canción del Año en 1959."
6,1959,Nel Blu Dipinto Di Blu (Volare),Domenico Modugno,"Domenico Modugno estuvo vinculado al triunfo de ""Nel Blu Dipinto Di Blu (Volare)"" en la categoría Canción del Año de los Grammy de 1959."
7,1959,Nel Blu Dipinto Di Blu (Volare),Domenico Modugno,"La edición de los Grammy celebrada en 1959 distinguió a ""Nel Blu Dipinto Di Blu (Volare)"" con el premio a Canción del Año."
8,1959,Nel Blu Dipinto Di Blu (Volare),Domenico Modugno,"En el historial de los Grammy, ""Nel Blu Dipinto Di Blu (Volare)"" aparece como la ganadora de Canción del Año correspondiente a 1959."
9,1959,Nel Blu Dipinto Di Blu (Volare),Domenico Modugno,"La canción ""Nel Blu Dipinto Di Blu (Volare)"", interpretada por Domenico Modugno, recibió uno de los principales Grammy en 1959."
10,1959,Nel Blu Dipinto Di Blu (Volare),Domenico Modugno,"El reconocimiento a Canción del Año en los Grammy de 1959 fue para la composición titulada ""Nel Blu Dipinto Di Blu (Volare)""."
11,1959,Nel Blu Dipinto Di Blu (Volare),Domenico Modugno,"Según el registro histórico de los Grammy, ""Nel Blu Dipinto Di Blu (Volare)"" ganó Canción del Año en 1959."
12,1959,Nel Blu Dipinto Di Blu (Volare),Domenico Modugno,"La participación de Domenico Modugno quedó ligada a ""Nel Blu Dipinto Di Blu (Volare)"", la Canción del Año en los Grammy de 1959."
13,1959,Nel Blu Dipinto Di Blu (Volare),Domenico Modugno,"En 1959, la Recording Academy premió a ""Nel Blu Dipinto Di Blu (Volare)"" dentro de la categoría Canción del Año."
14,1959,Nel Blu Dipinto Di Blu (Volare),Domenico Modugno,"El título ""Nel Blu Dipinto Di Blu (Volare)"" forma parte de la lista de obras ganadoras del Grammy a Canción del Año, gracias a su victoria en 1959."
15,1959,Nel Blu Dipinto Di Blu (Volare),Domenico Modugno,"La ceremonia de 1959 incorporó a ""Nel Blu Dipinto Di Blu (Volare)"", interpretada por Domenico Modugno, al grupo de ganadoras de Canción del Año."
16,1960,The Battle Of New Orleans,Jimmy Driftwood,"En 1960, ""The Battle Of New Orleans"" obtuvo el Grammy a Canción del Año y fue interpretada por Jimmy Driftwood."
17,1960,The Battle Of New Orleans,Jimmy Driftwood,"La obra ""The Battle Of New Orleans"", asociada con Jimmy Driftwood, ganó la categoría Canción del Año en los Grammy de 1960."
18,1960,The Battle Of New Orleans,Jimmy Driftwood,"Durante la ceremonia de los Grammy de 1960, ""The Battle Of New Orleans"" fue reconocida como Canción del Año."
19,1960,The Battle Of New Orleans,Jimmy Driftwood,"El premio Grammy a Canción del Año de 1960 correspondió a ""The Battle Of New Orleans"", interpretada por Jimmy Driftwood."
20,1960,The Battle Of New Orleans,Jimmy Driftwood,"Entre los ganadores históricos de los Grammy figura ""The Battle Of New Orleans"", premiada como Canción del Año en 1960."
21,1960,The Battle Of New Orleans,Jimmy Driftwood,"Jimmy Driftwood estuvo vinculado al triunfo de ""The Battle Of New Orleans"" en la categoría Canción del Año de los Grammy de 1960."
22,1960,The Battle Of New Orleans,Jimmy Driftwood,"La edición de los Grammy celebrada en 1960 distinguió a ""The Battle Of New Orleans"" con el premio a Canción del Año."
23,1960,The Battle Of New Orleans,Jimmy Driftwood,"En el historial de los Grammy, ""The Battle Of New Orleans"" aparece como la ganadora de Canción del Año correspondiente a 1960."
24,1960,The Battle Of New Orleans,Jimmy Driftwood,"La canción ""The Battle Of New Orleans"", interpretada por Jimmy Driftwood, recibió uno de los principales Grammy en 1960."
25,1960,The Battle Of New Orleans,Jimmy Driftwood,"El reconocimiento a Canción del Año en los Grammy de 1960 fue para la composición titulada ""The Battle Of New Orleans""."
26,1960,The Battle Of New Orleans,Jimmy Driftwood,"Según el registro histórico de los Grammy, ""The Battle Of New Orleans"" ganó Canción del Año en 1960."
27,1960,The Battle Of New Orleans,Jimmy Driftwood,"La participación de Jimmy Driftwood quedó ligada a ""The Battle Of New Orleans"", la Canción del Año en los Grammy de 1960."
28,1960,The Battle Of New Orleans,Jimmy Driftwood,"En 1960, la Recording Academy premió a ""The Battle Of New Orleans"" dentro de la categoría Canción del Año."
29,1960,The Battle Of New Orleans,Jimmy Driftwood,"El título ""The Battle Of New Orleans"" forma parte de la lista de obras ganadoras del Grammy a Canción del Año, gracias a su victoria en 1960."
30,1960,The Battle Of New Orleans,Jimmy Driftwood,"La ceremonia de 1960 incorporó a ""The Battle Of New Orleans"", interpretada por Jimmy Driftwood, al grupo de ganadoras de Canción del Año."
31,1961,Theme From Exodus,Ernest Gold,"En 1961, ""Theme From Exodus"" obtuvo el Grammy a Canción del Año y fue interpretada por Ernest Gold."
32,1961,Theme From Exodus,Ernest Gold,"La obra ""Theme From Exodus"", asociada con Ernest Gold, ganó la categoría Canción del Año en los Grammy de 1961."
33,1961,Theme From Exodus,Ernest Gold,"Durante la ceremonia de los Grammy de 1961, ""Theme From Exodus"" fue reconocida como Canción del Año."
34,1961,Theme From Exodus,Ernest Gold,"El premio Grammy a Canción del Año de 1961 correspondió a ""Theme From Exodus"", interpretada por Ernest Gold."
35,1961,Theme From Exodus,Ernest Gold,"Entre los ganadores históricos de los Grammy figura ""Theme From Exodus"", premiada como Canción del Año en 1961."
36,1961,Theme From Exodus,Ernest Gold,"Ernest Gold estuvo vinculado al triunfo de ""Theme From Exodus"" en la categoría Canción del Año de los Grammy de 1961."
37,1961,Theme From Exodus,Ernest Gold,"La edición de los Grammy celebrada en 1961 distinguió a ""Theme From Exodus"" con el premio a Canción del Año."
38,1961,Theme From Exodus,Ernest Gold,"En el historial de los Grammy, ""Theme From Exodus"" aparece como la ganadora de Canción del Año correspondiente a 1961."
39,1961,Theme From Exodus,Ernest Gold,"La canción ""Theme From Exodus"", interpretada por Ernest Gold, recibió uno de los principales Grammy en 1961."
40,1961,Theme From Exodus,Ernest Gold,"El reconocimiento a Canción del Año en los Grammy de 1961 fue para la composición titulada ""Theme From Exodus""."
41,1961,Theme From Exodus,Ernest Gold,"Según el registro histórico de los Grammy, ""Theme From Exodus"" ganó Canción del Año en 1961."
42,1961,Theme From Exodus,Ernest Gold,"La participación de Ernest Gold quedó ligada a ""Theme From Exodus"", la Canción del Año en los Grammy de 1961."
43,1961,Theme From Exodus,Ernest Gold,"En 1961, la Recording Academy premió a ""Theme From Exodus"" dentro de la categoría Canción del Año."
44,1961,Theme From Exodus,Ernest Gold,"El título ""Theme From Exodus"" forma parte de la lista de obras ganadoras del Grammy a Canción del Año, gracias a su victoria en 1961."
45,1961,Theme From Exodus,Ernest Gold,"La ceremonia de 1961 incorporó a ""Theme From Exodus"", interpretada por Ernest Gold, al grupo de ganadoras de Canción del Año."
46,1962,Moon River,Henry Mancini,"En 1962, ""Moon River"" obtuvo el Grammy a Canción del Año y fue interpretada por Henry Mancini."
47,1962,Moon River,Henry Mancini,"La obra ""Moon River"", asociada con Henry Mancini, ganó la categoría Canción del Año en los Grammy de 1962."
48,1962,Moon River,Henry Mancini,"Durante la ceremonia de los Grammy de 1962, ""Moon River"" fue reconocida como Canción del Año."
49,1962,Moon River,Henry Mancini,"El premio Grammy a Canción del Año de 1962 correspondió a ""Moon River"", interpretada por Henry Mancini."
50,1962,Moon River,Henry Mancini,"Entre los ganadores históricos de los Grammy figura ""Moon River"", premiada como Canción del Año en 1962."
51,1962,Moon River,Henry Mancini,"Henry Mancini estuvo vinculado al triunfo de ""Moon River"" en la categoría Canción del Año de los Grammy de 1962."
52,1962,Moon River,Henry Mancini,"La edición de los Grammy celebrada en 1962 distinguió a ""Moon River"" con el premio a Canción del Año."
53,1962,Moon River,Henry Mancini,"En el historial de los Grammy, ""Moon River"" aparece como la ganadora de Canción del Año correspondiente a 1962."
54,1962,Moon River,Henry Mancini,"La canción ""Moon River"", interpretada por Henry Mancini, recibió uno de los principales Grammy en 1962."
55,1962,Moon River,Henry Mancini,"El reconocimiento a Canción del Año en los Grammy de 1962 fue para la composición titulada ""Moon River""."
56,1962,Moon River,Henry Mancini,"Según el registro histórico de los Grammy, ""Moon River"" ganó Canción del Año en 1962."
57,1962,Moon River,Henry Mancini,"La participación de Henry Mancini quedó ligada a ""Moon River"", la Canción del Año en los Grammy de 1962."
58,1962,Moon River,Henry Mancini,"En 1962, la Recording Academy premió a ""Moon River"" dentro de la categoría Canción del Año."
59,1962,Moon River,Henry Mancini,"El título ""Moon River"" forma parte de la lista de obras ganadoras del Grammy a Canción del Año, gracias a su victoria en 1962."
60,1962,Moon River,Henry Mancini,"La ceremonia de 1962 incorporó a ""Moon River"", interpretada por Henry Mancini, al grupo de ganadoras de Canción del Año."
61,1963,What Kind Of Fool Am I,"Sammy Davis, Jr. AND ALSO Anthony Newley","En 1963, ""What Kind Of Fool Am I"" obtuvo el Grammy a Canción del Año y fue interpretada por Sammy Davis, Jr. AND ALSO Anthony Newley."
62,1963,What Kind Of Fool Am I,"Sammy Davis, Jr. AND ALSO Anthony Newley","La obra ""What Kind Of Fool Am I"", asociada con Sammy Davis, Jr. AND ALSO Anthony Newley, ganó la categoría Canción del Año en los Grammy de 1963."
63,1963,What Kind Of Fool Am I,"Sammy Davis, Jr. AND ALSO Anthony Newley","Durante la ceremonia de los Grammy de 1963, ""What Kind Of Fool Am I"" fue reconocida como Canción del Año."
64,1963,What Kind Of Fool Am I,"Sammy Davis, Jr. AND ALSO Anthony Newley","El premio Grammy a Canción del Año de 1963 correspondió a ""What Kind Of Fool Am I"", interpretada por Sammy Davis, Jr. AND ALSO Anthony Newley."
65,1963,What Kind Of Fool Am I,"Sammy Davis, Jr. AND ALSO Anthony Newley","Entre los ganadores históricos de los Grammy figura ""What Kind Of Fool Am I"", premiada como Canción del Año en 1963."
66,1963,What Kind Of Fool Am I,"Sammy Davis, Jr. AND ALSO Anthony Newley","Sammy Davis, Jr. AND ALSO Anthony Newley estuvo vinculado al triunfo de ""What Kind Of Fool Am I"" en la categoría Canción del Año de los Grammy de 1963."
67,1963,What Kind Of Fool Am I,"Sammy Davis, Jr. AND ALSO Anthony Newley","La edición de los Grammy celebrada en 1963 distinguió a ""What Kind Of Fool Am I"" con el premio a Canción del Año."
68,1963,What Kind Of Fool Am I,"Sammy Davis, Jr. AND ALSO Anthony Newley","En el historial de los Grammy, ""What Kind Of Fool Am I"" aparece como la ganadora de Canción del Año correspondiente a 1963."
69,1963,What Kind Of Fool Am I,"Sammy Davis, Jr. AND ALSO Anthony Newley","La canción ""What Kind Of Fool Am I"", interpretada por Sammy Davis, Jr. AND ALSO Anthony Newley, recibió uno de los principales Grammy en 1963."
70,1963,What Kind Of Fool Am I,"Sammy Davis, Jr. AND ALSO Anthony Newley","El reconocimiento a Canción del Año en los Grammy de 1963 fue para la composición titulada ""What Kind Of Fool Am I""."
71,1963,What Kind Of Fool Am I,"Sammy Davis, Jr. AND ALSO Anthony Newley","Según el registro histórico de los Grammy, ""What Kind Of Fool Am I"" ganó Canción del Año en 1963."
72,1963,What Kind Of Fool Am I,"Sammy Davis, Jr. AND ALSO Anthony Newley","La participación de Sammy Davis, Jr. AND ALSO Anthony Newley quedó ligada a ""What Kind Of Fool Am I"", la Canción del Año en los Grammy de 1963."
73,1963,What Kind Of Fool Am I,"Sammy Davis, Jr. AND ALSO Anthony Newley","En 1963, la Recording Academy premió a ""What Kind Of Fool Am I"" dentro de la categoría Canción del Año."
74,1963,What Kind Of Fool Am I,"Sammy Davis, Jr. AND ALSO Anthony Newley","El título ""What Kind Of Fool Am I"" forma parte de la lista de obras ganadoras del Grammy a Canción del Año, gracias a su victoria en 1963."
75,1963,What Kind Of Fool Am I,"Sammy Davis, Jr. AND ALSO Anthony Newley","La ceremonia de 1963 incorporó a ""What Kind Of Fool Am I"", interpretada por Sammy Davis, Jr. AND ALSO Anthony Newley, al grupo de ganadoras de Canción del Año."
76,1964,Days Of Wine And Roses,Henry Mancini,"En 1964, ""Days Of Wine And Roses"" obtuvo el Grammy a Canción del Año y fue interpretada por Henry Mancini."
77,1964,Days Of Wine And Roses,Henry Mancini,"La obra ""Days Of Wine And Roses"", asociada con Henry Mancini, ganó la categoría Canción del Año en los Grammy de 1964."
78,1964,Days Of Wine And Roses,Henry Mancini,"Durante la ceremonia de los Grammy de 1964, ""Days Of Wine And Roses"" fue reconocida como Canción del Año."
79,1964,Days Of Wine And Roses,Henry Mancini,"El premio Grammy a Canción del Año de 1964 correspondió a ""Days Of Wine And Roses"", interpretada por Henry Mancini."
80,1964,Days Of Wine And Roses,Henry Mancini,"Entre los ganadores históricos de los Grammy figura ""Days Of Wine And Roses"", premiada como Canción del Año en 1964."
81,1964,Days Of Wine And Roses,Henry Mancini,"Henry Mancini estuvo vinculado al triunfo de ""Days Of Wine And Roses"" en la categoría Canción del Año de los Grammy de 1964."
82,1964,Days Of Wine And Roses,Henry Mancini,"La edición de los Grammy celebrada en 1964 distinguió a ""Days Of Wine And Roses"" con el premio a Canción del Año."
83,1964,Days Of Wine And Roses,Henry Mancini,"En el historial de los Grammy, ""Days Of Wine And Roses"" aparece como la ganadora de Canción del Año correspondiente a 1964."
84,1964,Days Of Wine And Roses,Henry Mancini,"La canción ""Days Of Wine And Roses"", interpretada por Henry Mancini, recibió uno de los principales Grammy en 1964."
85,1964,Days Of Wine And Roses,Henry Mancini,"El reconocimiento a Canción del Año en los Grammy de 1964 fue para la composición titulada ""Days Of Wine And Roses""."
86,1964,Days Of Wine And Roses,Henry Mancini,"Según el registro histórico de los Grammy, ""Days Of Wine And Roses"" ganó Canción del Año en 1964."
87,1964,Days Of Wine And Roses,Henry Mancini,"La participación de Henry Mancini quedó ligada a ""Days Of Wine And Roses"", la Canción del Año en los Grammy de 1964."
88,1964,Days Of Wine And Roses,Henry Mancini,"En 1964, la Recording Academy premió a ""Days Of Wine And Roses"" dentro de la categoría Canción del Año."
89,1964,Days Of Wine And Roses,Henry Mancini,"El título ""Days Of Wine And Roses"" forma parte de la lista de obras ganadoras del Grammy a Canción del Año, gracias a su victoria en 1964."
90,1964,Days Of Wine And Roses,Henry Mancini,"La ceremonia de 1964 incorporó a ""Days Of Wine And Roses"", interpretada por Henry Mancini, al grupo de ganadoras de Canción del Año."
91,1965,"Hello, Dolly!",Louis Armstrong,"En 1965, ""Hello, Dolly!"" obtuvo el Grammy a Canción del Año y fue interpretada por Louis Armstrong."
92,1965,"Hello, Dolly!",Louis Armstrong,"La obra ""Hello, Dolly!"", asociada con Louis Armstrong, ganó la categoría Canción del Año en los Grammy de 1965."
93,1965,"Hello, Dolly!",Louis Armstrong,"Durante la ceremonia de los Grammy de 1965, ""Hello, Dolly!"" fue reconocida como Canción del Año."
94,1965,"Hello, Dolly!",Louis Armstrong,"El premio Grammy a Canción del Año de 1965 correspondió a ""Hello, Dolly!"", interpretada por Louis Armstrong."
95,1965,"Hello, Dolly!",Louis Armstrong,"Entre los ganadores históricos de los Grammy figura ""Hello, Dolly!"", premiada como Canción del Año en 1965."
96,1965,"Hello, Dolly!",Louis Armstrong,"Louis Armstrong estuvo vinculado al triunfo de ""Hello, Dolly!"" en la categoría Canción del Año de los Grammy de 1965."
97,1965,"Hello, Dolly!",Louis Armstrong,"La edición de los Grammy celebrada en 1965 distinguió a ""Hello, Dolly!"" con el premio a Canción del Año."
98,1965,"Hello, Dolly!",Louis Armstrong,"En el historial de los Grammy, ""Hello, Dolly!"" aparece como la ganadora de Canción del Año correspondiente a 1965."
99,1965,"Hello, Dolly!",Louis Armstrong,"La canción ""Hello, Dolly!"", interpretada por Louis Armstrong, recibió uno de los principales Grammy en 1965."
100,1965,"Hello, Dolly!",Louis Armstrong,"El reconocimiento a Canción del Año en los Grammy de 1965 fue para la composición titulada ""Hello, Dolly!""."
101,1965,"Hello, Dolly!",Louis Armstrong,"Según el registro histórico de los Grammy, ""Hello, Dolly!"" ganó Canción del Año en 1965."
102,1965,"Hello, Dolly!",Louis Armstrong,"La participación de Louis Armstrong quedó ligada a ""Hello, Dolly!"", la Canción del Año en los Grammy de 1965."
103,1965,"Hello, Dolly!",Louis Armstrong,"En 1965, la Recording Academy premió a ""Hello, Dolly!"" dentro de la categoría Canción del Año."
104,1965,"Hello, Dolly!",Louis Armstrong,"El título ""Hello, Dolly!"" forma parte de la lista de obras ganadoras del Grammy a Canción del Año, gracias a su victoria en 1965."
105,1965,"Hello, Dolly!",Louis Armstrong,"La ceremonia de 1965 incorporó a ""Hello, Dolly!"", interpretada por Louis Armstrong, al grupo de ganadoras de Canción del Año."
106,1966,"The Shadow Of Your Smile (Love Theme From ""The Sandpiper"")",Tony Bennett,"En 1966, ""The Shadow Of Your Smile (Love Theme From ""The Sandpiper"")"" obtuvo el Grammy a Canción del Año y fue interpretada por Tony Bennett."
107,1966,"The Shadow Of Your Smile (Love Theme From ""The Sandpiper"")",Tony Bennett,"La obra ""The Shadow Of Your Smile (Love Theme From ""The Sandpiper"")"", asociada con Tony Bennett, ganó la categoría Canción del Año en los Grammy de 1966."
108,1966,"The Shadow Of Your Smile (Love Theme From ""The Sandpiper"")",Tony Bennett,"Durante la ceremonia de los Grammy de 1966, ""The Shadow Of Your Smile (Love Theme From ""The Sandpiper"")"" fue reconocida como Canción del Año."
109,1966,"The Shadow Of Your Smile (Love Theme From ""The Sandpiper"")",Tony Bennett,"El premio Grammy a Canción del Año de 1966 correspondió a ""The Shadow Of Your Smile (Love Theme From ""The Sandpiper"")"", interpretada por Tony Bennett."
110,1966,"The Shadow Of Your Smile (Love Theme From ""The Sandpiper"")",Tony Bennett,"Entre los ganadores históricos de los Grammy figura ""The Shadow Of Your Smile (Love Theme From ""The Sandpiper"")"", premiada como Canción del Año en 1966."
111,1966,"The Shadow Of Your Smile (Love Theme From ""The Sandpiper"")",Tony Bennett,"Tony Bennett estuvo vinculado al triunfo de ""The Shadow Of Your Smile (Love Theme From ""The Sandpiper"")"" en la categoría Canción del Año de los Grammy de 1966."
112,1966,"The Shadow Of Your Smile (Love Theme From ""The Sandpiper"")",Tony Bennett,"La edición de los Grammy celebrada en 1966 distinguió a ""The Shadow Of Your Smile (Love Theme From ""The Sandpiper"")"" con el premio a Canción del Año."
113,1966,"The Shadow Of Your Smile (Love Theme From ""The Sandpiper"")",Tony Bennett,"En el historial de los Grammy, ""The Shadow Of Your Smile (Love Theme From ""The Sandpiper"")"" aparece como la ganadora de Canción del Año correspondiente a 1966."
114,1966,"The Shadow Of Your Smile (Love Theme From ""The Sandpiper"")",Tony Bennett,"La canción ""The Shadow Of Your Smile (Love Theme From ""The Sandpiper"")"", interpretada por Tony Bennett, recibió uno de los principales Grammy en 1966."
115,1966,"The Shadow Of Your Smile (Love Theme From ""The Sandpiper"")",Tony Bennett,"El reconocimiento a Canción del Año en los Grammy de 1966 fue para la composición titulada ""The Shadow Of Your Smile (Love Theme From ""The Sandpiper"")""."
116,1966,"The Shadow Of Your Smile (Love Theme From ""The Sandpiper"")",Tony Bennett,"Según el registro histórico de los Grammy, ""The Shadow Of Your Smile (Love Theme From ""The Sandpiper"")"" ganó Canción del Año en 1966."
117,1966,"The Shadow Of Your Smile (Love Theme From ""The Sandpiper"")",Tony Bennett,"La participación de Tony Bennett quedó ligada a ""The Shadow Of Your Smile (Love Theme From ""The Sandpiper"")"", la Canción del Año en los Grammy de 1966."
118,1966,"The Shadow Of Your Smile (Love Theme From ""The Sandpiper"")",Tony Bennett,"En 1966, la Recording Academy premió a ""The Shadow Of Your Smile (Love Theme From ""The Sandpiper"")"" dentro de la categoría Canción del Año."
119,1966,"The Shadow Of Your Smile (Love Theme From ""The Sandpiper"")",Tony Bennett,"El título ""The Shadow Of Your Smile (Love Theme From ""The Sandpiper"")"" forma parte de la lista de obras ganadoras del Grammy a Canción del Año, gracias a su victoria en 1966."
120,1966,"The Shadow Of Your Smile (Love Theme From ""The Sandpiper"")",Tony Bennett,"La ceremonia de 1966 incorporó a ""The Shadow Of Your Smile (Love Theme From ""The Sandpiper"")"", interpretada por Tony Bennett, al grupo de ganadoras de Canción del Año."
121,1967,Michelle,The Beatles,"En 1967, ""Michelle"" obtuvo el Grammy a Canción del Año y fue interpretada por The Beatles."
122,1967,Michelle,The Beatles,"La obra ""Michelle"", asociada con The Beatles, ganó la categoría Canción del Año en los Grammy de 1967."
123,1967,Michelle,The Beatles,"Durante la ceremonia de los Grammy de 1967, ""Michelle"" fue reconocida como Canción del Año."
124,1967,Michelle,The Beatles,"El premio Grammy a Canción del Año de 1967 correspondió a ""Michelle"", interpretada por The Beatles."
125,1967,Michelle,The Beatles,"Entre los ganadores históricos de los Grammy figura ""Michelle"", premiada como Canción del Año en 1967."
126,1967,Michelle,The Beatles,"The Beatles estuvo vinculado al triunfo de ""Michelle"" en la categoría Canción del Año de los Grammy de 1967."
127,1967,Michelle,The Beatles,"La edición de los Grammy celebrada en 1967 distinguió a ""Michelle"" con el premio a Canción del Año."
128,1967,Michelle,The Beatles,"En el historial de los Grammy, ""Michelle"" aparece como la ganadora de Canción del Año correspondiente a 1967."
129,1967,Michelle,The Beatles,"La canción ""Michelle"", interpretada por The Beatles, recibió uno de los principales Grammy en 1967."
130,1967,Michelle,The Beatles,"El reconocimiento a Canción del Año en los Grammy de 1967 fue para la composición titulada ""Michelle""."
131,1967,Michelle,The Beatles,"Según el registro histórico de los Grammy, ""Michelle"" ganó Canción del Año en 1967."
132,1967,Michelle,The Beatles,"La participación de The Beatles quedó ligada a ""Michelle"", la Canción del Año en los Grammy de 1967."
133,1967,Michelle,The Beatles,"En 1967, la Recording Academy premió a ""Michelle"" dentro de la categoría Canción del Año."
134,1967,Michelle,The Beatles,"El título ""Michelle"" forma parte de la lista de obras ganadoras del Grammy a Canción del Año, gracias a su victoria en 1967."
135,1967,Michelle,The Beatles,"La ceremonia de 1967 incorporó a ""Michelle"", interpretada por The Beatles, al grupo de ganadoras de Canción del Año."
136,1968,"Up, Up And Away",5th Dimension,"En 1968, ""Up, Up And Away"" obtuvo el Grammy a Canción del Año y fue interpretada por 5th Dimension."
137,1968,"Up, Up And Away",5th Dimension,"La obra ""Up, Up And Away"", asociada con 5th Dimension, ganó la categoría Canción del Año en los Grammy de 1968."
138,1968,"Up, Up And Away",5th Dimension,"Durante la ceremonia de los Grammy de 1968, ""Up, Up And Away"" fue reconocida como Canción del Año."
139,1968,"Up, Up And Away",5th Dimension,"El premio Grammy a Canción del Año de 1968 correspondió a ""Up, Up And Away"", interpretada por 5th Dimension."
140,1968,"Up, Up And Away",5th Dimension,"Entre los ganadores históricos de los Grammy figura ""Up, Up And Away"", premiada como Canción del Año en 1968."
141,1968,"Up, Up And Away",5th Dimension,"5th Dimension estuvo vinculado al triunfo de ""Up, Up And Away"" en la categoría Canción del Año de los Grammy de 1968."
142,1968,"Up, Up And Away",5th Dimension,"La edición de los Grammy celebrada en 1968 distinguió a ""Up, Up And Away"" con el premio a Canción del Año."
143,1968,"Up, Up And Away",5th Dimension,"En el historial de los Grammy, ""Up, Up And Away"" aparece como la ganadora de Canción del Año correspondiente a 1968."
144,1968,"Up, Up And Away",5th Dimension,"La canción ""Up, Up And Away"", interpretada por 5th Dimension, recibió uno de los principales Grammy en 1968."
145,1968,"Up, Up And Away",5th Dimension,"El reconocimiento a Canción del Año en los Grammy de 1968 fue para la composición titulada ""Up, Up And Away""."
146,1968,"Up, Up And Away",5th Dimension,"Según el registro histórico de los Grammy, ""Up, Up And Away"" ganó Canción del Año en 1968."
147,1968,"Up, Up And Away",5th Dimension,"La participación de 5th Dimension quedó ligada a ""Up, Up And Away"", la Canción del Año en los Grammy de 1968."
148,1968,"Up, Up And Away",5th Dimension,"En 1968, la Recording Academy premió a ""Up, Up And Away"" dentro de la categoría Canción del Año."
149,1968,"Up, Up And Away",5th Dimension,"El título ""Up, Up And Away"" forma parte de la lista de obras ganadoras del Grammy a Canción del Año, gracias a su victoria en 1968."
150,1968,"Up, Up And Away",5th Dimension,"La ceremonia de 1968 incorporó a ""Up, Up And Away"", interpretada por 5th Dimension, al grupo de ganadoras de Canción del Año."
151,1969,Little Green Apples,Roger Miller AND ALSO O.C. Smith,"En 1969, ""Little Green Apples"" obtuvo el Grammy a Canción del Año y fue interpretada por Roger Miller AND ALSO O.C. Smith."
152,1969,Little Green Apples,Roger Miller AND ALSO O.C. Smith,"La obra ""Little Green Apples"", asociada con Roger Miller AND ALSO O.C. Smith, ganó la categoría Canción del Año en los Grammy de 1969."
153,1969,Little Green Apples,Roger Miller AND ALSO O.C. Smith,"Durante la ceremonia de los Grammy de 1969, ""Little Green Apples"" fue reconocida como Canción del Año."
154,1969,Little Green Apples,Roger Miller AND ALSO O.C. Smith,"El premio Grammy a Canción del Año de 1969 correspondió a ""Little Green Apples"", interpretada por Roger Miller AND ALSO O.C. Smith."
155,1969,Little Green Apples,Roger Miller AND ALSO O.C. Smith,"Entre los ganadores históricos de los Grammy figura ""Little Green Apples"", premiada como Canción del Año en 1969."
156,1969,Little Green Apples,Roger Miller AND ALSO O.C. Smith,"Roger Miller AND ALSO O.C. Smith estuvo vinculado al triunfo de ""Little Green Apples"" en la categoría Canción del Año de los Grammy de 1969."
157,1969,Little Green Apples,Roger Miller AND ALSO O.C. Smith,"La edición de los Grammy celebrada en 1969 distinguió a ""Little Green Apples"" con el premio a Canción del Año."
158,1969,Little Green Apples,Roger Miller AND ALSO O.C. Smith,"En el historial de los Grammy, ""Little Green Apples"" aparece como la ganadora de Canción del Año correspondiente a 1969."
159,1969,Little Green Apples,Roger Miller AND ALSO O.C. Smith,"La canción ""Little Green Apples"", interpretada por Roger Miller AND ALSO O.C. Smith, recibió uno de los principales Grammy en 1969."
160,1969,Little Green Apples,Roger Miller AND ALSO O.C. Smith,"El reconocimiento a Canción del Año en los Grammy de 1969 fue para la composición titulada ""Little Green Apples""."
161,1969,Little Green Apples,Roger Miller AND ALSO O.C. Smith,"Según el registro histórico de los Grammy, ""Little Green Apples"" ganó Canción del Año en 1969."
162,1969,Little Green Apples,Roger Miller AND ALSO O.C. Smith,"La participación de Roger Miller AND ALSO O.C. Smith quedó ligada a ""Little Green Apples"", la Canción del Año en los Grammy de 1969."
163,1969,Little Green Apples,Roger Miller AND ALSO O.C. Smith,"En 1969, la Recording Academy premió a ""Little Green Apples"" dentro de la categoría Canción del Año."
164,1969,Little Green Apples,Roger Miller AND ALSO O.C. Smith,"El título ""Little Green Apples"" forma parte de la lista de obras ganadoras del Grammy a Canción del Año, gracias a su victoria en 1969."
165,1969,Little Green Apples,Roger Miller AND ALSO O.C. Smith,"La ceremonia de 1969 incorporó a ""Little Green Apples"", interpretada por Roger Miller AND ALSO O.C. Smith, al grupo de ganadoras de Canción del Año."
166,1970,Games People Play,Joe South,"En 1970, ""Games People Play"" obtuvo el Grammy a Canción del Año y fue interpretada por Joe South."
167,1970,Games People Play,Joe South,"La obra ""Games People Play"", asociada con Joe South, ganó la categoría Canción del Año en los Grammy de 1970."
168,1970,Games People Play,Joe South,"Durante la ceremonia de los Grammy de 1970, ""Games People Play"" fue reconocida como Canción del Año."
169,1970,Games People Play,Joe South,"El premio Grammy a Canción del Año de 1970 correspondió a ""Games People Play"", interpretada por Joe South."
170,1970,Games People Play,Joe South,"Entre los ganadores históricos de los Grammy figura ""Games People Play"", premiada como Canción del Año en 1970."
171,1970,Games People Play,Joe South,"Joe South estuvo vinculado al triunfo de ""Games People Play"" en la categoría Canción del Año de los Grammy de 1970."
172,1970,Games People Play,Joe South,"La edición de los Grammy celebrada en 1970 distinguió a ""Games People Play"" con el premio a Canción del Año."
173,1970,Games People Play,Joe South,"En el historial de los Grammy, ""Games People Play"" aparece como la ganadora de Canción del Año correspondiente a 1970."
174,1970,Games People Play,Joe South,"La canción ""Games People Play"", interpretada por Joe South, recibió uno de los principales Grammy en 1970."
175,1970,Games People Play,Joe South,"El reconocimiento a Canción del Año en los Grammy de 1970 fue para la composición titulada ""Games People Play""."
176,1970,Games People Play,Joe South,"Según el registro histórico de los Grammy, ""Games People Play"" ganó Canción del Año en 1970."
177,1970,Games People Play,Joe South,"La participación de Joe South quedó ligada a ""Games People Play"", la Canción del Año en los Grammy de 1970."
178,1970,Games People Play,Joe South,"En 1970, la Recording Academy premió a ""Games People Play"" dentro de la categoría Canción del Año."
179,1970,Games People Play,Joe South,"El título ""Games People Play"" forma parte de la lista de obras ganadoras del Grammy a Canción del Año, gracias a su victoria en 1970."
180,1970,Games People Play,Joe South,"La ceremonia de 1970 incorporó a ""Games People Play"", interpretada por Joe South, al grupo de ganadoras de Canción del Año."
181,1971,Bridge Over Troubled Water,Simon And Garfunkel,"En 1971, ""Bridge Over Troubled Water"" obtuvo el Grammy a Canción del Año y fue interpretada por Simon And Garfunkel."
182,1971,Bridge Over Troubled Water,Simon And Garfunkel,"La obra ""Bridge Over Troubled Water"", asociada con Simon And Garfunkel, ganó la categoría Canción del Año en los Grammy de 1971."
183,1971,Bridge Over Troubled Water,Simon And Garfunkel,"Durante la ceremonia de los Grammy de 1971, ""Bridge Over Troubled Water"" fue reconocida como Canción del Año."
184,1971,Bridge Over Troubled Water,Simon And Garfunkel,"El premio Grammy a Canción del Año de 1971 correspondió a ""Bridge Over Troubled Water"", interpretada por Simon And Garfunkel."
185,1971,Bridge Over Troubled Water,Simon And Garfunkel,"Entre los ganadores históricos de los Grammy figura ""Bridge Over Troubled Water"", premiada como Canción del Año en 1971."
186,1971,Bridge Over Troubled Water,Simon And Garfunkel,"Simon And Garfunkel estuvo vinculado al triunfo de ""Bridge Over Troubled Water"" en la categoría Canción del Año de los Grammy de 1971."
187,1971,Bridge Over Troubled Water,Simon And Garfunkel,"La edición de los Grammy celebrada en 1971 distinguió a ""Bridge Over Troubled Water"" con el premio a Canción del Año."
188,1971,Bridge Over Troubled Water,Simon And Garfunkel,"En el historial de los Grammy, ""Bridge Over Troubled Water"" aparece como la ganadora de Canción del Año correspondiente a 1971."
189,1971,Bridge Over Troubled Water,Simon And Garfunkel,"La canción ""Bridge Over Troubled Water"", interpretada por Simon And Garfunkel, recibió uno de los principales Grammy en 1971."
190,1971,Bridge Over Troubled Water,Simon And Garfunkel,"El reconocimiento a Canción del Año en los Grammy de 1971 fue para la composición titulada ""Bridge Over Troubled Water""."
191,1971,Bridge Over Troubled Water,Simon And Garfunkel,"Según el registro histórico de los Grammy, ""Bridge Over Troubled Water"" ganó Canción del Año en 1971."
192,1971,Bridge Over Troubled Water,Simon And Garfunkel,"La participación de Simon And Garfunkel quedó ligada a ""Bridge Over Troubled Water"", la Canción del Año en los Grammy de 1971."
193,1971,Bridge Over Troubled Water,Simon And Garfunkel,"En 1971, la Recording Academy premió a ""Bridge Over Troubled Water"" dentro de la categoría Canción del Año."
194,1971,Bridge Over Troubled Water,Simon And Garfunkel,"El título ""Bridge Over Troubled Water"" forma parte de la lista de obras ganadoras del Grammy a Canción del Año, gracias a su victoria en 1971."
195,1971,Bridge Over Troubled Water,Simon And Garfunkel,"La ceremonia de 1971 incorporó a ""Bridge Over Troubled Water"", interpretada por Simon And Garfunkel, al grupo de ganadoras de Canción del Año."
196,1972,You've Got A Friend,Carole King,"En 1972, ""You've Got A Friend"" obtuvo el Grammy a Canción del Año y fue interpretada por Carole King."
197,1972,You've Got A Friend,Carole King,"La obra ""You've Got A Friend"", asociada con Carole King, ganó la categoría Canción del Año en los Grammy de 1972."
198,1972,You've Got A Friend,Carole King,"Durante la ceremonia de los Grammy de 1972, ""You've Got A Friend"" fue reconocida como Canción del Año."
199,1972,You've Got A Friend,Carole King,"El premio Grammy a Canción del Año de 1972 correspondió a ""You've Got A Friend"", interpretada por Carole King."
200,1972,You've Got A Friend,Carole King,"Entre los ganadores históricos de los Grammy figura ""You've Got A Friend"", premiada como Canción del Año en 1972."
201,1972,You've Got A Friend,Carole King,"Carole King estuvo vinculado al triunfo de ""You've Got A Friend"" en la categoría Canción del Año de los Grammy de 1972."
202,1972,You've Got A Friend,Carole King,"La edición de los Grammy celebrada en 1972 distinguió a ""You've Got A Friend"" con el premio a Canción del Año."
203,1972,You've Got A Friend,Carole King,"En el historial de los Grammy, ""You've Got A Friend"" aparece como la ganadora de Canción del Año correspondiente a 1972."
204,1972,You've Got A Friend,Carole King,"La canción ""You've Got A Friend"", interpretada por Carole King, recibió uno de los principales Grammy en 1972."
205,1972,You've Got A Friend,Carole King,"El reconocimiento a Canción del Año en los Grammy de 1972 fue para la composición titulada ""You've Got A Friend""."
206,1972,You've Got A Friend,Carole King,"Según el registro histórico de los Grammy, ""You've Got A Friend"" ganó Canción del Año en 1972."
207,1972,You've Got A Friend,Carole King,"La participación de Carole King quedó ligada a ""You've Got A Friend"", la Canción del Año en los Grammy de 1972."
208,1972,You've Got A Friend,Carole King,"En 1972, la Recording Academy premió a ""You've Got A Friend"" dentro de la categoría Canción del Año."
209,1972,You've Got A Friend,Carole King,"El título ""You've Got A Friend"" forma parte de la lista de obras ganadoras del Grammy a Canción del Año, gracias a su victoria en 1972."
210,1972,You've Got A Friend,Carole King,"La ceremonia de 1972 incorporó a ""You've Got A Friend"", interpretada por Carole King, al grupo de ganadoras de Canción del Año."
211,1973,The First Time Ever I Saw Your Face,Roberta Flack,"En 1973, ""The First Time Ever I Saw Your Face"" obtuvo el Grammy a Canción del Año y fue interpretada por Roberta Flack."
212,1973,The First Time Ever I Saw Your Face,Roberta Flack,"La obra ""The First Time Ever I Saw Your Face"", asociada con Roberta Flack, ganó la categoría Canción del Año en los Grammy de 1973."
213,1973,The First Time Ever I Saw Your Face,Roberta Flack,"Durante la ceremonia de los Grammy de 1973, ""The First Time Ever I Saw Your Face"" fue reconocida como Canción del Año."
214,1973,The First Time Ever I Saw Your Face,Roberta Flack,"El premio Grammy a Canción del Año de 1973 correspondió a ""The First Time Ever I Saw Your Face"", interpretada por Roberta Flack."
215,1973,The First Time Ever I Saw Your Face,Roberta Flack,"Entre los ganadores históricos de los Grammy figura ""The First Time Ever I Saw Your Face"", premiada como Canción del Año en 1973."
216,1973,The First Time Ever I Saw Your Face,Roberta Flack,"Roberta Flack estuvo vinculado al triunfo de ""The First Time Ever I Saw Your Face"" en la categoría Canción del Año de los Grammy de 1973."
217,1973,The First Time Ever I Saw Your Face,Roberta Flack,"La edición de los Grammy celebrada en 1973 distinguió a ""The First Time Ever I Saw Your Face"" con el premio a Canción del Año."
218,1973,The First Time Ever I Saw Your Face,Roberta Flack,"En el historial de los Grammy, ""The First Time Ever I Saw Your Face"" aparece como la ganadora de Canción del Año correspondiente a 1973."
219,1973,The First Time Ever I Saw Your Face,Roberta Flack,"La canción ""The First Time Ever I Saw Your Face"", interpretada por Roberta Flack, recibió uno de los principales Grammy en 1973."
220,1973,The First Time Ever I Saw Your Face,Roberta Flack,"El reconocimiento a Canción del Año en los Grammy de 1973 fue para la composición titulada ""The First Time Ever I Saw Your Face""."
221,1973,The First Time Ever I Saw Your Face,Roberta Flack,"Según el registro histórico de los Grammy, ""The First Time Ever I Saw Your Face"" ganó Canción del Año en 1973."
222,1973,The First Time Ever I Saw Your Face,Roberta Flack,"La participación de Roberta Flack quedó ligada a ""The First Time Ever I Saw Your Face"", la Canción del Año en los Grammy de 1973."
223,1973,The First Time Ever I Saw Your Face,Roberta Flack,"En 1973, la Recording Academy premió a ""The First Time Ever I Saw Your Face"" dentro de la categoría Canción del Año."
224,1973,The First Time Ever I Saw Your Face,Roberta Flack,"El título ""The First Time Ever I Saw Your Face"" forma parte de la lista de obras ganadoras del Grammy a Canción del Año, gracias a su victoria en 1973."
225,1973,The First Time Ever I Saw Your Face,Roberta Flack,"La ceremonia de 1973 incorporó a ""The First Time Ever I Saw Your Face"", interpretada por Roberta Flack, al grupo de ganadoras de Canción del Año."
226,1974,Killing Me Softly With His Song,Roberta Flack,"En 1974, ""Killing Me Softly With His Song"" obtuvo el Grammy a Canción del Año y fue interpretada por Roberta Flack."
227,1974,Killing Me Softly With His Song,Roberta Flack,"La obra ""Killing Me Softly With His Song"", asociada con Roberta Flack, ganó la categoría Canción del Año en los Grammy de 1974."
228,1974,Killing Me Softly With His Song,Roberta Flack,"Durante la ceremonia de los Grammy de 1974, ""Killing Me Softly With His Song"" fue reconocida como Canción del Año."
229,1974,Killing Me Softly With His Song,Roberta Flack,"El premio Grammy a Canción del Año de 1974 correspondió a ""Killing Me Softly With His Song"", interpretada por Roberta Flack."
230,1974,Killing Me Softly With His Song,Roberta Flack,"Entre los ganadores históricos de los Grammy figura ""Killing Me Softly With His Song"", premiada como Canción del Año en 1974."
231,1974,Killing Me Softly With His Song,Roberta Flack,"Roberta Flack estuvo vinculado al triunfo de ""Killing Me Softly With His Song"" en la categoría Canción del Año de los Grammy de 1974."
232,1974,Killing Me Softly With His Song,Roberta Flack,"La edición de los Grammy celebrada en 1974 distinguió a ""Killing Me Softly With His Song"" con el premio a Canción del Año."
233,1974,Killing Me Softly With His Song,Roberta Flack,"En el historial de los Grammy, ""Killing Me Softly With His Song"" aparece como la ganadora de Canción del Año correspondiente a 1974."
234,1974,Killing Me Softly With His Song,Roberta Flack,"La canción ""Killing Me Softly With His Song"", interpretada por Roberta Flack, recibió uno de los principales Grammy en 1974."
235,1974,Killing Me Softly With His Song,Roberta Flack,"El reconocimiento a Canción del Año en los Grammy de 1974 fue para la composición titulada ""Killing Me Softly With His Song""."
236,1974,Killing Me Softly With His Song,Roberta Flack,"Según el registro histórico de los Grammy, ""Killing Me Softly With His Song"" ganó Canción del Año en 1974."
237,1974,Killing Me Softly With His Song,Roberta Flack,"La participación de Roberta Flack quedó ligada a ""Killing Me Softly With His Song"", la Canción del Año en los Grammy de 1974."
238,1974,Killing Me Softly With His Song,Roberta Flack,"En 1974, la Recording Academy premió a ""Killing Me Softly With His Song"" dentro de la categoría Canción del Año."
239,1974,Killing Me Softly With His Song,Roberta Flack,"El título ""Killing Me Softly With His Song"" forma parte de la lista de obras ganadoras del Grammy a Canción del Año, gracias a su victoria en 1974."
240,1974,Killing Me Softly With His Song,Roberta Flack,"La ceremonia de 1974 incorporó a ""Killing Me Softly With His Song"", interpretada por Roberta Flack, al grupo de ganadoras de Canción del Año."
241,1975,The Way We Were,Barbra Streisand,"En 1975, ""The Way We Were"" obtuvo el Grammy a Canción del Año y fue interpretada por Barbra Streisand."
242,1975,The Way We Were,Barbra Streisand,"La obra ""The Way We Were"", asociada con Barbra Streisand, ganó la categoría Canción del Año en los Grammy de 1975."
243,1975,The Way We Were,Barbra Streisand,"Durante la ceremonia de los Grammy de 1975, ""The Way We Were"" fue reconocida como Canción del Año."
244,1975,The Way We Were,Barbra Streisand,"El premio Grammy a Canción del Año de 1975 correspondió a ""The Way We Were"", interpretada por Barbra Streisand."
245,1975,The Way We Were,Barbra Streisand,"Entre los ganadores históricos de los Grammy figura ""The Way We Were"", premiada como Canción del Año en 1975."
246,1975,The Way We Were,Barbra Streisand,"Barbra Streisand estuvo vinculado al triunfo de ""The Way We Were"" en la categoría Canción del Año de los Grammy de 1975."
247,1975,The Way We Were,Barbra Streisand,"La edición de los Grammy celebrada en 1975 distinguió a ""The Way We Were"" con el premio a Canción del Año."
248,1975,The Way We Were,Barbra Streisand,"En el historial de los Grammy, ""The Way We Were"" aparece como la ganadora de Canción del Año correspondiente a 1975."
249,1975,The Way We Were,Barbra Streisand,"La canción ""The Way We Were"", interpretada por Barbra Streisand, recibió uno de los principales Grammy en 1975."
250,1975,The Way We Were,Barbra Streisand,"El reconocimiento a Canción del Año en los Grammy de 1975 fue para la composición titulada ""The Way We Were""."
251,1975,The Way We Were,Barbra Streisand,"Según el registro histórico de los Grammy, ""The Way We Were"" ganó Canción del Año en 1975."
252,1975,The Way We Were,Barbra Streisand,"La participación de Barbra Streisand quedó ligada a ""The Way We Were"", la Canción del Año en los Grammy de 1975."
253,1975,The Way We Were,Barbra Streisand,"En 1975, la Recording Academy premió a ""The Way We Were"" dentro de la categoría Canción del Año."
254,1975,The Way We Were,Barbra Streisand,"El título ""The Way We Were"" forma parte de la lista de obras ganadoras del Grammy a Canción del Año, gracias a su victoria en 1975."
255,1975,The Way We Were,Barbra Streisand,"La ceremonia de 1975 incorporó a ""The Way We Were"", interpretada por Barbra Streisand, al grupo de ganadoras de Canción del Año."
256,1976,Send In The Clowns,Judy Collins,"En 1976, ""Send In The Clowns"" obtuvo el Grammy a Canción del Año y fue interpretada por Judy Collins."
257,1976,Send In The Clowns,Judy Collins,"La obra ""Send In The Clowns"", asociada con Judy Collins, ganó la categoría Canción del Año en los Grammy de 1976."
258,1976,Send In The Clowns,Judy Collins,"Durante la ceremonia de los Grammy de 1976, ""Send In The Clowns"" fue reconocida como Canción del Año."
259,1976,Send In The Clowns,Judy Collins,"El premio Grammy a Canción del Año de 1976 correspondió a ""Send In The Clowns"", interpretada por Judy Collins."
260,1976,Send In The Clowns,Judy Collins,"Entre los ganadores históricos de los Grammy figura ""Send In The Clowns"", premiada como Canción del Año en 1976."
261,1976,Send In The Clowns,Judy Collins,"Judy Collins estuvo vinculado al triunfo de ""Send In The Clowns"" en la categoría Canción del Año de los Grammy de 1976."
262,1976,Send In The Clowns,Judy Collins,"La edición de los Grammy celebrada en 1976 distinguió a ""Send In The Clowns"" con el premio a Canción del Año."
263,1976,Send In The Clowns,Judy Collins,"En el historial de los Grammy, ""Send In The Clowns"" aparece como la ganadora de Canción del Año correspondiente a 1976."
264,1976,Send In The Clowns,Judy Collins,"La canción ""Send In The Clowns"", interpretada por Judy Collins, recibió uno de los principales Grammy en 1976."
265,1976,Send In The Clowns,Judy Collins,"El reconocimiento a Canción del Año en los Grammy de 1976 fue para la composición titulada ""Send In The Clowns""."
266,1976,Send In The Clowns,Judy Collins,"Según el registro histórico de los Grammy, ""Send In The Clowns"" ganó Canción del Año en 1976."
267,1976,Send In The Clowns,Judy Collins,"La participación de Judy Collins quedó ligada a ""Send In The Clowns"", la Canción del Año en los Grammy de 1976."
268,1976,Send In The Clowns,Judy Collins,"En 1976, la Recording Academy premió a ""Send In The Clowns"" dentro de la categoría Canción del Año."
269,1976,Send In The Clowns,Judy Collins,"El título ""Send In The Clowns"" forma parte de la lista de obras ganadoras del Grammy a Canción del Año, gracias a su victoria en 1976."
270,1976,Send In The Clowns,Judy Collins,"La ceremonia de 1976 incorporó a ""Send In The Clowns"", interpretada por Judy Collins, al grupo de ganadoras de Canción del Año."
271,1977,I Write The Songs,Barry Manilow,"En 1977, ""I Write The Songs"" obtuvo el Grammy a Canción del Año y fue interpretada por Barry Manilow."
272,1977,I Write The Songs,Barry Manilow,"La obra ""I Write The Songs"", asociada con Barry Manilow, ganó la categoría Canción del Año en los Grammy de 1977."
273,1977,I Write The Songs,Barry Manilow,"Durante la ceremonia de los Grammy de 1977, ""I Write The Songs"" fue reconocida como Canción del Año."
274,1977,I Write The Songs,Barry Manilow,"El premio Grammy a Canción del Año de 1977 correspondió a ""I Write The Songs"", interpretada por Barry Manilow."
275,1977,I Write The Songs,Barry Manilow,"Entre los ganadores históricos de los Grammy figura ""I Write The Songs"", premiada como Canción del Año en 1977."
276,1977,I Write The Songs,Barry Manilow,"Barry Manilow estuvo vinculado al triunfo de ""I Write The Songs"" en la categoría Canción del Año de los Grammy de 1977."
277,1977,I Write The Songs,Barry Manilow,"La edición de los Grammy celebrada en 1977 distinguió a ""I Write The Songs"" con el premio a Canción del Año."
278,1977,I Write The Songs,Barry Manilow,"En el historial de los Grammy, ""I Write The Songs"" aparece como la ganadora de Canción del Año correspondiente a 1977."
279,1977,I Write The Songs,Barry Manilow,"La canción ""I Write The Songs"", interpretada por Barry Manilow, recibió uno de los principales Grammy en 1977."
280,1977,I Write The Songs,Barry Manilow,"El reconocimiento a Canción del Año en los Grammy de 1977 fue para la composición titulada ""I Write The Songs""."
281,1977,I Write The Songs,Barry Manilow,"Según el registro histórico de los Grammy, ""I Write The Songs"" ganó Canción del Año en 1977."
282,1977,I Write The Songs,Barry Manilow,"La participación de Barry Manilow quedó ligada a ""I Write The Songs"", la Canción del Año en los Grammy de 1977."
283,1977,I Write The Songs,Barry Manilow,"En 1977, la Recording Academy premió a ""I Write The Songs"" dentro de la categoría Canción del Año."
284,1977,I Write The Songs,Barry Manilow,"El título ""I Write The Songs"" forma parte de la lista de obras ganadoras del Grammy a Canción del Año, gracias a su victoria en 1977."
285,1977,I Write The Songs,Barry Manilow,"La ceremonia de 1977 incorporó a ""I Write The Songs"", interpretada por Barry Manilow, al grupo de ganadoras de Canción del Año."
286,1978,Love Theme From A Star Is Born (Evergreen),Barbra Streisand,"En 1978, ""Love Theme From A Star Is Born (Evergreen)"" obtuvo el Grammy a Canción del Año y fue interpretada por Barbra Streisand."
287,1978,Love Theme From A Star Is Born (Evergreen),Barbra Streisand,"La obra ""Love Theme From A Star Is Born (Evergreen)"", asociada con Barbra Streisand, ganó la categoría Canción del Año en los Grammy de 1978."
288,1978,Love Theme From A Star Is Born (Evergreen),Barbra Streisand,"Durante la ceremonia de los Grammy de 1978, ""Love Theme From A Star Is Born (Evergreen)"" fue reconocida como Canción del Año."
289,1978,Love Theme From A Star Is Born (Evergreen),Barbra Streisand,"El premio Grammy a Canción del Año de 1978 correspondió a ""Love Theme From A Star Is Born (Evergreen)"", interpretada por Barbra Streisand."
290,1978,Love Theme From A Star Is Born (Evergreen),Barbra Streisand,"Entre los ganadores históricos de los Grammy figura ""Love Theme From A Star Is Born (Evergreen)"", premiada como Canción del Año en 1978."
291,1978,Love Theme From A Star Is Born (Evergreen),Barbra Streisand,"Barbra Streisand estuvo vinculado al triunfo de ""Love Theme From A Star Is Born (Evergreen)"" en la categoría Canción del Año de los Grammy de 1978."
292,1978,Love Theme From A Star Is Born (Evergreen),Barbra Streisand,"La edición de los Grammy celebrada en 1978 distinguió a ""Love Theme From A Star Is Born (Evergreen)"" con el premio a Canción del Año."
293,1978,Love Theme From A Star Is Born (Evergreen),Barbra Streisand,"En el historial de los Grammy, ""Love Theme From A Star Is Born (Evergreen)"" aparece como la ganadora de Canción del Año correspondiente a 1978."
294,1978,Love Theme From A Star Is Born (Evergreen),Barbra Streisand,"La canción ""Love Theme From A Star Is Born (Evergreen)"", interpretada por Barbra Streisand, recibió uno de los principales Grammy en 1978."
295,1978,Love Theme From A Star Is Born (Evergreen),Barbra Streisand,"El reconocimiento a Canción del Año en los Grammy de 1978 fue para la composición titulada ""Love Theme From A Star Is Born (Evergreen)""."
296,1978,Love Theme From A Star Is Born (Evergreen),Barbra Streisand,"Según el registro histórico de los Grammy, ""Love Theme From A Star Is Born (Evergreen)"" ganó Canción del Año en 1978."
297,1978,Love Theme From A Star Is Born (Evergreen),Barbra Streisand,"La participación de Barbra Streisand quedó ligada a ""Love Theme From A Star Is Born (Evergreen)"", la Canción del Año en los Grammy de 1978."
298,1978,Love Theme From A Star Is Born (Evergreen),Barbra Streisand,"En 1978, la Recording Academy premió a ""Love Theme From A Star Is Born (Evergreen)"" dentro de la categoría Canción del Año."
299,1978,Love Theme From A Star Is Born (Evergreen),Barbra Streisand,"El título ""Love Theme From A Star Is Born (Evergreen)"" forma parte de la lista de obras ganadoras del Grammy a Canción del Año, gracias a su victoria en 1978."
300,1978,Love Theme From A Star Is Born (Evergreen),Barbra Streisand,"La ceremonia de 1978 incorporó a ""Love Theme From A Star Is Born (Evergreen)"", interpretada por Barbra Streisand, al grupo de ganadoras de Canción del Año."
301,1978,You Light Up My Life,Debby Boone,"En 1978, ""You Light Up My Life"" obtuvo el Grammy a Canción del Año y fue interpretada por Debby Boone."
302,1978,You Light Up My Life,Debby Boone,"La obra ""You Light Up My Life"", asociada con Debby Boone, ganó la categoría Canción del Año en los Grammy de 1978."
303,1978,You Light Up My Life,Debby Boone,"Durante la ceremonia de los Grammy de 1978, ""You Light Up My Life"" fue reconocida como Canción del Año."
304,1978,You Light Up My Life,Debby Boone,"El premio Grammy a Canción del Año de 1978 correspondió a ""You Light Up My Life"", interpretada por Debby Boone."
305,1978,You Light Up My Life,Debby Boone,"Entre los ganadores históricos de los Grammy figura ""You Light Up My Life"", premiada como Canción del Año en 1978."
306,1978,You Light Up My Life,Debby Boone,"Debby Boone estuvo vinculado al triunfo de ""You Light Up My Life"" en la categoría Canción del Año de los Grammy de 1978."
307,1978,You Light Up My Life,Debby Boone,"La edición de los Grammy celebrada en 1978 distinguió a ""You Light Up My Life"" con el premio a Canción del Año."
308,1978,You Light Up My Life,Debby Boone,"En el historial de los Grammy, ""You Light Up My Life"" aparece como la ganadora de Canción del Año correspondiente a 1978."
309,1978,You Light Up My Life,Debby Boone,"La canción ""You Light Up My Life"", interpretada por Debby Boone, recibió uno de los principales Grammy en 1978."
310,1978,You Light Up My Life,Debby Boone,"El reconocimiento a Canción del Año en los Grammy de 1978 fue para la composición titulada ""You Light Up My Life""."
311,1978,You Light Up My Life,Debby Boone,"Según el registro histórico de los Grammy, ""You Light Up My Life"" ganó Canción del Año en 1978."
312,1978,You Light Up My Life,Debby Boone,"La participación de Debby Boone quedó ligada a ""You Light Up My Life"", la Canción del Año en los Grammy de 1978."
313,1978,You Light Up My Life,Debby Boone,"En 1978, la Recording Academy premió a ""You Light Up My Life"" dentro de la categoría Canción del Año."
314,1978,You Light Up My Life,Debby Boone,"El título ""You Light Up My Life"" forma parte de la lista de obras ganadoras del Grammy a Canción del Año, gracias a su victoria en 1978."
315,1978,You Light Up My Life,Debby Boone,"La ceremonia de 1978 incorporó a ""You Light Up My Life"", interpretada por Debby Boone, al grupo de ganadoras de Canción del Año."
316,1979,Just The Way You Are,Billy Joel,"En 1979, ""Just The Way You Are"" obtuvo el Grammy a Canción del Año y fue interpretada por Billy Joel."
317,1979,Just The Way You Are,Billy Joel,"La obra ""Just The Way You Are"", asociada con Billy Joel, ganó la categoría Canción del Año en los Grammy de 1979."
318,1979,Just The Way You Are,Billy Joel,"Durante la ceremonia de los Grammy de 1979, ""Just The Way You Are"" fue reconocida como Canción del Año."
319,1979,Just The Way You Are,Billy Joel,"El premio Grammy a Canción del Año de 1979 correspondió a ""Just The Way You Are"", interpretada por Billy Joel."
320,1979,Just The Way You Are,Billy Joel,"Entre los ganadores históricos de los Grammy figura ""Just The Way You Are"", premiada como Canción del Año en 1979."
321,1979,Just The Way You Are,Billy Joel,"Billy Joel estuvo vinculado al triunfo de ""Just The Way You Are"" en la categoría Canción del Año de los Grammy de 1979."
322,1979,Just The Way You Are,Billy Joel,"La edición de los Grammy celebrada en 1979 distinguió a ""Just The Way You Are"" con el premio a Canción del Año."
323,1979,Just The Way You Are,Billy Joel,"En el historial de los Grammy, ""Just The Way You Are"" aparece como la ganadora de Canción del Año correspondiente a 1979."
324,1979,Just The Way You Are,Billy Joel,"La canción ""Just The Way You Are"", interpretada por Billy Joel, recibió uno de los principales Grammy en 1979."
325,1979,Just The Way You Are,Billy Joel,"El reconocimiento a Canción del Año en los Grammy de 1979 fue para la composición titulada ""Just The Way You Are""."
326,1979,Just The Way You Are,Billy Joel,"Según el registro histórico de los Grammy, ""Just The Way You Are"" ganó Canción del Año en 1979."
327,1979,Just The Way You Are,Billy Joel,"La participación de Billy Joel quedó ligada a ""Just The Way You Are"", la Canción del Año en los Grammy de 1979."
328,1979,Just The Way You Are,Billy Joel,"En 1979, la Recording Academy premió a ""Just The Way You Are"" dentro de la categoría Canción del Año."
329,1979,Just The Way You Are,Billy Joel,"El título ""Just The Way You Are"" forma parte de la lista de obras ganadoras del Grammy a Canción del Año, gracias a su victoria en 1979."
330,1979,Just The Way You Are,Billy Joel,"La ceremonia de 1979 incorporó a ""Just The Way You Are"", interpretada por Billy Joel, al grupo de ganadoras de Canción del Año."
331,1980,What A Fool Believes,The Doobie Brothers,"En 1980, ""What A Fool Believes"" obtuvo el Grammy a Canción del Año y fue interpretada por The Doobie Brothers."
332,1980,What A Fool Believes,The Doobie Brothers,"La obra ""What A Fool Believes"", asociada con The Doobie Brothers, ganó la categoría Canción del Año en los Grammy de 1980."
333,1980,What A Fool Believes,The Doobie Brothers,"Durante la ceremonia de los Grammy de 1980, ""What A Fool Believes"" fue reconocida como Canción del Año."
334,1980,What A Fool Believes,The Doobie Brothers,"El premio Grammy a Canción del Año de 1980 correspondió a ""What A Fool Believes"", interpretada por The Doobie Brothers."
335,1980,What A Fool Believes,The Doobie Brothers,"Entre los ganadores históricos de los Grammy figura ""What A Fool Believes"", premiada como Canción del Año en 1980."
336,1980,What A Fool Believes,The Doobie Brothers,"The Doobie Brothers estuvo vinculado al triunfo de ""What A Fool Believes"" en la categoría Canción del Año de los Grammy de 1980."
337,1980,What A Fool Believes,The Doobie Brothers,"La edición de los Grammy celebrada en 1980 distinguió a ""What A Fool Believes"" con el premio a Canción del Año."
338,1980,What A Fool Believes,The Doobie Brothers,"En el historial de los Grammy, ""What A Fool Believes"" aparece como la ganadora de Canción del Año correspondiente a 1980."
339,1980,What A Fool Believes,The Doobie Brothers,"La canción ""What A Fool Believes"", interpretada por The Doobie Brothers, recibió uno de los principales Grammy en 1980."
340,1980,What A Fool Believes,The Doobie Brothers,"El reconocimiento a Canción del Año en los Grammy de 1980 fue para la composición titulada ""What A Fool Believes""."
341,1980,What A Fool Believes,The Doobie Brothers,"Según el registro histórico de los Grammy, ""What A Fool Believes"" ganó Canción del Año en 1980."
342,1980,What A Fool Believes,The Doobie Brothers,"La participación de The Doobie Brothers quedó ligada a ""What A Fool Believes"", la Canción del Año en los Grammy de 1980."
343,1980,What A Fool Believes,The Doobie Brothers,"En 1980, la Recording Academy premió a ""What A Fool Believes"" dentro de la categoría Canción del Año."
344,1980,What A Fool Believes,The Doobie Brothers,"El título ""What A Fool Believes"" forma parte de la lista de obras ganadoras del Grammy a Canción del Año, gracias a su victoria en 1980."
345,1980,What A Fool Believes,The Doobie Brothers,"La ceremonia de 1980 incorporó a ""What A Fool Believes"", interpretada por The Doobie Brothers, al grupo de ganadoras de Canción del Año."
346,1981,Sailing,Christopher Cross,"En 1981, ""Sailing"" obtuvo el Grammy a Canción del Año y fue interpretada por Christopher Cross."
347,1981,Sailing,Christopher Cross,"La obra ""Sailing"", asociada con Christopher Cross, ganó la categoría Canción del Año en los Grammy de 1981."
348,1981,Sailing,Christopher Cross,"Durante la ceremonia de los Grammy de 1981, ""Sailing"" fue reconocida como Canción del Año."
349,1981,Sailing,Christopher Cross,"El premio Grammy a Canción del Año de 1981 correspondió a ""Sailing"", interpretada por Christopher Cross."
350,1981,Sailing,Christopher Cross,"Entre los ganadores históricos de los Grammy figura ""Sailing"", premiada como Canción del Año en 1981."
351,1981,Sailing,Christopher Cross,"Christopher Cross estuvo vinculado al triunfo de ""Sailing"" en la categoría Canción del Año de los Grammy de 1981."
352,1981,Sailing,Christopher Cross,"La edición de los Grammy celebrada en 1981 distinguió a ""Sailing"" con el premio a Canción del Año."
353,1981,Sailing,Christopher Cross,"En el historial de los Grammy, ""Sailing"" aparece como la ganadora de Canción del Año correspondiente a 1981."
354,1981,Sailing,Christopher Cross,"La canción ""Sailing"", interpretada por Christopher Cross, recibió uno de los principales Grammy en 1981."
355,1981,Sailing,Christopher Cross,"El reconocimiento a Canción del Año en los Grammy de 1981 fue para la composición titulada ""Sailing""."
356,1981,Sailing,Christopher Cross,"Según el registro histórico de los Grammy, ""Sailing"" ganó Canción del Año en 1981."
357,1981,Sailing,Christopher Cross,"La participación de Christopher Cross quedó ligada a ""Sailing"", la Canción del Año en los Grammy de 1981."
358,1981,Sailing,Christopher Cross,"En 1981, la Recording Academy premió a ""Sailing"" dentro de la categoría Canción del Año."
359,1981,Sailing,Christopher Cross,"El título ""Sailing"" forma parte de la lista de obras ganadoras del Grammy a Canción del Año, gracias a su victoria en 1981."
360,1981,Sailing,Christopher Cross,"La ceremonia de 1981 incorporó a ""Sailing"", interpretada por Christopher Cross, al grupo de ganadoras de Canción del Año."
361,1982,Bette Davis Eyes,Kim Carnes,"En 1982, ""Bette Davis Eyes"" obtuvo el Grammy a Canción del Año y fue interpretada por Kim Carnes."
362,1982,Bette Davis Eyes,Kim Carnes,"La obra ""Bette Davis Eyes"", asociada con Kim Carnes, ganó la categoría Canción del Año en los Grammy de 1982."
363,1982,Bette Davis Eyes,Kim Carnes,"Durante la ceremonia de los Grammy de 1982, ""Bette Davis Eyes"" fue reconocida como Canción del Año."
364,1982,Bette Davis Eyes,Kim Carnes,"El premio Grammy a Canción del Año de 1982 correspondió a ""Bette Davis Eyes"", interpretada por Kim Carnes."
365,1982,Bette Davis Eyes,Kim Carnes,"Entre los ganadores históricos de los Grammy figura ""Bette Davis Eyes"", premiada como Canción del Año en 1982."
366,1982,Bette Davis Eyes,Kim Carnes,"Kim Carnes estuvo vinculado al triunfo de ""Bette Davis Eyes"" en la categoría Canción del Año de los Grammy de 1982."
367,1982,Bette Davis Eyes,Kim Carnes,"La edición de los Grammy celebrada en 1982 distinguió a ""Bette Davis Eyes"" con el premio a Canción del Año."
368,1982,Bette Davis Eyes,Kim Carnes,"En el historial de los Grammy, ""Bette Davis Eyes"" aparece como la ganadora de Canción del Año correspondiente a 1982."
369,1982,Bette Davis Eyes,Kim Carnes,"La canción ""Bette Davis Eyes"", interpretada por Kim Carnes, recibió uno de los principales Grammy en 1982."
370,1982,Bette Davis Eyes,Kim Carnes,"El reconocimiento a Canción del Año en los Grammy de 1982 fue para la composición titulada ""Bette Davis Eyes""."
371,1982,Bette Davis Eyes,Kim Carnes,"Según el registro histórico de los Grammy, ""Bette Davis Eyes"" ganó Canción del Año en 1982."
372,1982,Bette Davis Eyes,Kim Carnes,"La participación de Kim Carnes quedó ligada a ""Bette Davis Eyes"", la Canción del Año en los Grammy de 1982."
373,1982,Bette Davis Eyes,Kim Carnes,"En 1982, la Recording Academy premió a ""Bette Davis Eyes"" dentro de la categoría Canción del Año."
374,1982,Bette Davis Eyes,Kim Carnes,"El título ""Bette Davis Eyes"" forma parte de la lista de obras ganadoras del Grammy a Canción del Año, gracias a su victoria en 1982."
375,1982,Bette Davis Eyes,Kim Carnes,"La ceremonia de 1982 incorporó a ""Bette Davis Eyes"", interpretada por Kim Carnes, al grupo de ganadoras de Canción del Año."
376,1983,Always On My Mind,Willie Nelson,"En 1983, ""Always On My Mind"" obtuvo el Grammy a Canción del Año y fue interpretada por Willie Nelson."
377,1983,Always On My Mind,Willie Nelson,"La obra ""Always On My Mind"", asociada con Willie Nelson, ganó la categoría Canción del Año en los Grammy de 1983."
378,1983,Always On My Mind,Willie Nelson,"Durante la ceremonia de los Grammy de 1983, ""Always On My Mind"" fue reconocida como Canción del Año."
379,1983,Always On My Mind,Willie Nelson,"El premio Grammy a Canción del Año de 1983 correspondió a ""Always On My Mind"", interpretada por Willie Nelson."
380,1983,Always On My Mind,Willie Nelson,"Entre los ganadores históricos de los Grammy figura ""Always On My Mind"", premiada como Canción del Año en 1983."
381,1983,Always On My Mind,Willie Nelson,"Willie Nelson estuvo vinculado al triunfo de ""Always On My Mind"" en la categoría Canción del Año de los Grammy de 1983."
382,1983,Always On My Mind,Willie Nelson,"La edición de los Grammy celebrada en 1983 distinguió a ""Always On My Mind"" con el premio a Canción del Año."
383,1983,Always On My Mind,Willie Nelson,"En el historial de los Grammy, ""Always On My Mind"" aparece como la ganadora de Canción del Año correspondiente a 1983."
384,1983,Always On My Mind,Willie Nelson,"La canción ""Always On My Mind"", interpretada por Willie Nelson, recibió uno de los principales Grammy en 1983."
385,1983,Always On My Mind,Willie Nelson,"El reconocimiento a Canción del Año en los Grammy de 1983 fue para la composición titulada ""Always On My Mind""."
386,1983,Always On My Mind,Willie Nelson,"Según el registro histórico de los Grammy, ""Always On My Mind"" ganó Canción del Año en 1983."
387,1983,Always On My Mind,Willie Nelson,"La participación de Willie Nelson quedó ligada a ""Always On My Mind"", la Canción del Año en los Grammy de 1983."
388,1983,Always On My Mind,Willie Nelson,"En 1983, la Recording Academy premió a ""Always On My Mind"" dentro de la categoría Canción del Año."
389,1983,Always On My Mind,Willie Nelson,"El título ""Always On My Mind"" forma parte de la lista de obras ganadoras del Grammy a Canción del Año, gracias a su victoria en 1983."
390,1983,Always On My Mind,Willie Nelson,"La ceremonia de 1983 incorporó a ""Always On My Mind"", interpretada por Willie Nelson, al grupo de ganadoras de Canción del Año."
391,1984,Every Breath You Take,The Police,"En 1984, ""Every Breath You Take"" obtuvo el Grammy a Canción del Año y fue interpretada por The Police."
392,1984,Every Breath You Take,The Police,"La obra ""Every Breath You Take"", asociada con The Police, ganó la categoría Canción del Año en los Grammy de 1984."
393,1984,Every Breath You Take,The Police,"Durante la ceremonia de los Grammy de 1984, ""Every Breath You Take"" fue reconocida como Canción del Año."
394,1984,Every Breath You Take,The Police,"El premio Grammy a Canción del Año de 1984 correspondió a ""Every Breath You Take"", interpretada por The Police."
395,1984,Every Breath You Take,The Police,"Entre los ganadores históricos de los Grammy figura ""Every Breath You Take"", premiada como Canción del Año en 1984."
396,1984,Every Breath You Take,The Police,"The Police estuvo vinculado al triunfo de ""Every Breath You Take"" en la categoría Canción del Año de los Grammy de 1984."
397,1984,Every Breath You Take,The Police,"La edición de los Grammy celebrada en 1984 distinguió a ""Every Breath You Take"" con el premio a Canción del Año."
398,1984,Every Breath You Take,The Police,"En el historial de los Grammy, ""Every Breath You Take"" aparece como la ganadora de Canción del Año correspondiente a 1984."
399,1984,Every Breath You Take,The Police,"La canción ""Every Breath You Take"", interpretada por The Police, recibió uno de los principales Grammy en 1984."
400,1984,Every Breath You Take,The Police,"El reconocimiento a Canción del Año en los Grammy de 1984 fue para la composición titulada ""Every Breath You Take""."
401,1984,Every Breath You Take,The Police,"Según el registro histórico de los Grammy, ""Every Breath You Take"" ganó Canción del Año en 1984."
402,1984,Every Breath You Take,The Police,"La participación de The Police quedó ligada a ""Every Breath You Take"", la Canción del Año en los Grammy de 1984."
403,1984,Every Breath You Take,The Police,"En 1984, la Recording Academy premió a ""Every Breath You Take"" dentro de la categoría Canción del Año."
404,1984,Every Breath You Take,The Police,"El título ""Every Breath You Take"" forma parte de la lista de obras ganadoras del Grammy a Canción del Año, gracias a su victoria en 1984."
405,1984,Every Breath You Take,The Police,"La ceremonia de 1984 incorporó a ""Every Breath You Take"", interpretada por The Police, al grupo de ganadoras de Canción del Año."
406,1985,What's Love Got To Do With It,Tina Turner,"En 1985, ""What's Love Got To Do With It"" obtuvo el Grammy a Canción del Año y fue interpretada por Tina Turner."
407,1985,What's Love Got To Do With It,Tina Turner,"La obra ""What's Love Got To Do With It"", asociada con Tina Turner, ganó la categoría Canción del Año en los Grammy de 1985."
408,1985,What's Love Got To Do With It,Tina Turner,"Durante la ceremonia de los Grammy de 1985, ""What's Love Got To Do With It"" fue reconocida como Canción del Año."
409,1985,What's Love Got To Do With It,Tina Turner,"El premio Grammy a Canción del Año de 1985 correspondió a ""What's Love Got To Do With It"", interpretada por Tina Turner."
410,1985,What's Love Got To Do With It,Tina Turner,"Entre los ganadores históricos de los Grammy figura ""What's Love Got To Do With It"", premiada como Canción del Año en 1985."
411,1985,What's Love Got To Do With It,Tina Turner,"Tina Turner estuvo vinculado al triunfo de ""What's Love Got To Do With It"" en la categoría Canción del Año de los Grammy de 1985."
412,1985,What's Love Got To Do With It,Tina Turner,"La edición de los Grammy celebrada en 1985 distinguió a ""What's Love Got To Do With It"" con el premio a Canción del Año."
413,1985,What's Love Got To Do With It,Tina Turner,"En el historial de los Grammy, ""What's Love Got To Do With It"" aparece como la ganadora de Canción del Año correspondiente a 1985."
414,1985,What's Love Got To Do With It,Tina Turner,"La canción ""What's Love Got To Do With It"", interpretada por Tina Turner, recibió uno de los principales Grammy en 1985."
415,1985,What's Love Got To Do With It,Tina Turner,"El reconocimiento a Canción del Año en los Grammy de 1985 fue para la composición titulada ""What's Love Got To Do With It""."
416,1985,What's Love Got To Do With It,Tina Turner,"Según el registro histórico de los Grammy, ""What's Love Got To Do With It"" ganó Canción del Año en 1985."
417,1985,What's Love Got To Do With It,Tina Turner,"La participación de Tina Turner quedó ligada a ""What's Love Got To Do With It"", la Canción del Año en los Grammy de 1985."
418,1985,What's Love Got To Do With It,Tina Turner,"En 1985, la Recording Academy premió a ""What's Love Got To Do With It"" dentro de la categoría Canción del Año."
419,1985,What's Love Got To Do With It,Tina Turner,"El título ""What's Love Got To Do With It"" forma parte de la lista de obras ganadoras del Grammy a Canción del Año, gracias a su victoria en 1985."
420,1985,What's Love Got To Do With It,Tina Turner,"La ceremonia de 1985 incorporó a ""What's Love Got To Do With It"", interpretada por Tina Turner, al grupo de ganadoras de Canción del Año."
421,1986,We Are The World,USA For Africa - Various Artists,"En 1986, ""We Are The World"" obtuvo el Grammy a Canción del Año y fue interpretada por USA For Africa - Various Artists."
422,1986,We Are The World,USA For Africa - Various Artists,"La obra ""We Are The World"", asociada con USA For Africa - Various Artists, ganó la categoría Canción del Año en los Grammy de 1986."
423,1986,We Are The World,USA For Africa - Various Artists,"Durante la ceremonia de los Grammy de 1986, ""We Are The World"" fue reconocida como Canción del Año."
424,1986,We Are The World,USA For Africa - Various Artists,"El premio Grammy a Canción del Año de 1986 correspondió a ""We Are The World"", interpretada por USA For Africa - Various Artists."
425,1986,We Are The World,USA For Africa - Various Artists,"Entre los ganadores históricos de los Grammy figura ""We Are The World"", premiada como Canción del Año en 1986."
426,1986,We Are The World,USA For Africa - Various Artists,"USA For Africa - Various Artists estuvo vinculado al triunfo de ""We Are The World"" en la categoría Canción del Año de los Grammy de 1986."
427,1986,We Are The World,USA For Africa - Various Artists,"La edición de los Grammy celebrada en 1986 distinguió a ""We Are The World"" con el premio a Canción del Año."
428,1986,We Are The World,USA For Africa - Various Artists,"En el historial de los Grammy, ""We Are The World"" aparece como la ganadora de Canción del Año correspondiente a 1986."
429,1986,We Are The World,USA For Africa - Various Artists,"La canción ""We Are The World"", interpretada por USA For Africa - Various Artists, recibió uno de los principales Grammy en 1986."
430,1986,We Are The World,USA For Africa - Various Artists,"El reconocimiento a Canción del Año en los Grammy de 1986 fue para la composición titulada ""We Are The World""."
431,1986,We Are The World,USA For Africa - Various Artists,"Según el registro histórico de los Grammy, ""We Are The World"" ganó Canción del Año en 1986."
432,1986,We Are The World,USA For Africa - Various Artists,"La participación de USA For Africa - Various Artists quedó ligada a ""We Are The World"", la Canción del Año en los Grammy de 1986."
433,1986,We Are The World,USA For Africa - Various Artists,"En 1986, la Recording Academy premió a ""We Are The World"" dentro de la categoría Canción del Año."
434,1986,We Are The World,USA For Africa - Various Artists,"El título ""We Are The World"" forma parte de la lista de obras ganadoras del Grammy a Canción del Año, gracias a su victoria en 1986."
435,1986,We Are The World,USA For Africa - Various Artists,"La ceremonia de 1986 incorporó a ""We Are The World"", interpretada por USA For Africa - Various Artists, al grupo de ganadoras de Canción del Año."
436,1987,That's What Friends Are For,"Dionne Warwick, Elton John, Gladys Knight & Stevie Wonder","En 1987, ""That's What Friends Are For"" obtuvo el Grammy a Canción del Año y fue interpretada por Dionne Warwick, Elton John, Gladys Knight & Stevie Wonder."
437,1987,That's What Friends Are For,"Dionne Warwick, Elton John, Gladys Knight & Stevie Wonder","La obra ""That's What Friends Are For"", asociada con Dionne Warwick, Elton John, Gladys Knight & Stevie Wonder, ganó la categoría Canción del Año en los Grammy de 1987."
438,1987,That's What Friends Are For,"Dionne Warwick, Elton John, Gladys Knight & Stevie Wonder","Durante la ceremonia de los Grammy de 1987, ""That's What Friends Are For"" fue reconocida como Canción del Año."
439,1987,That's What Friends Are For,"Dionne Warwick, Elton John, Gladys Knight & Stevie Wonder","El premio Grammy a Canción del Año de 1987 correspondió a ""That's What Friends Are For"", interpretada por Dionne Warwick, Elton John, Gladys Knight & Stevie Wonder."
440,1987,That's What Friends Are For,"Dionne Warwick, Elton John, Gladys Knight & Stevie Wonder","Entre los ganadores históricos de los Grammy figura ""That's What Friends Are For"", premiada como Canción del Año en 1987."
441,1987,That's What Friends Are For,"Dionne Warwick, Elton John, Gladys Knight & Stevie Wonder","Dionne Warwick, Elton John, Gladys Knight & Stevie Wonder estuvo vinculado al triunfo de ""That's What Friends Are For"" en la categoría Canción del Año de los Grammy de 1987."
442,1987,That's What Friends Are For,"Dionne Warwick, Elton John, Gladys Knight & Stevie Wonder","La edición de los Grammy celebrada en 1987 distinguió a ""That's What Friends Are For"" con el premio a Canción del Año."
443,1987,That's What Friends Are For,"Dionne Warwick, Elton John, Gladys Knight & Stevie Wonder","En el historial de los Grammy, ""That's What Friends Are For"" aparece como la ganadora de Canción del Año correspondiente a 1987."
444,1987,That's What Friends Are For,"Dionne Warwick, Elton John, Gladys Knight & Stevie Wonder","La canción ""That's What Friends Are For"", interpretada por Dionne Warwick, Elton John, Gladys Knight & Stevie Wonder, recibió uno de los principales Grammy en 1987."
445,1987,That's What Friends Are For,"Dionne Warwick, Elton John, Gladys Knight & Stevie Wonder","El reconocimiento a Canción del Año en los Grammy de 1987 fue para la composición titulada ""That's What Friends Are For""."
446,1987,That's What Friends Are For,"Dionne Warwick, Elton John, Gladys Knight & Stevie Wonder","Según el registro histórico de los Grammy, ""That's What Friends Are For"" ganó Canción del Año en 1987."
447,1987,That's What Friends Are For,"Dionne Warwick, Elton John, Gladys Knight & Stevie Wonder","La participación de Dionne Warwick, Elton John, Gladys Knight & Stevie Wonder quedó ligada a ""That's What Friends Are For"", la Canción del Año en los Grammy de 1987."
448,1987,That's What Friends Are For,"Dionne Warwick, Elton John, Gladys Knight & Stevie Wonder","En 1987, la Recording Academy premió a ""That's What Friends Are For"" dentro de la categoría Canción del Año."
449,1987,That's What Friends Are For,"Dionne Warwick, Elton John, Gladys Knight & Stevie Wonder","El título ""That's What Friends Are For"" forma parte de la lista de obras ganadoras del Grammy a Canción del Año, gracias a su victoria en 1987."
450,1987,That's What Friends Are For,"Dionne Warwick, Elton John, Gladys Knight & Stevie Wonder","La ceremonia de 1987 incorporó a ""That's What Friends Are For"", interpretada por Dionne Warwick, Elton John, Gladys Knight & Stevie Wonder, al grupo de ganadoras de Canción del Año."
451,1988,Somewhere Out There,Linda Ronstadt & James Ingram,"En 1988, ""Somewhere Out There"" obtuvo el Grammy a Canción del Año y fue interpretada por Linda Ronstadt & James Ingram."
452,1988,Somewhere Out There,Linda Ronstadt & James Ingram,"La obra ""Somewhere Out There"", asociada con Linda Ronstadt & James Ingram, ganó la categoría Canción del Año en los Grammy de 1988."
453,1988,Somewhere Out There,Linda Ronstadt & James Ingram,"Durante la ceremonia de los Grammy de 1988, ""Somewhere Out There"" fue reconocida como Canción del Año."
454,1988,Somewhere Out There,Linda Ronstadt & James Ingram,"El premio Grammy a Canción del Año de 1988 correspondió a ""Somewhere Out There"", interpretada por Linda Ronstadt & James Ingram."
455,1988,Somewhere Out There,Linda Ronstadt & James Ingram,"Entre los ganadores históricos de los Grammy figura ""Somewhere Out There"", premiada como Canción del Año en 1988."
456,1988,Somewhere Out There,Linda Ronstadt & James Ingram,"Linda Ronstadt & James Ingram estuvo vinculado al triunfo de ""Somewhere Out There"" en la categoría Canción del Año de los Grammy de 1988."
457,1988,Somewhere Out There,Linda Ronstadt & James Ingram,"La edición de los Grammy celebrada en 1988 distinguió a ""Somewhere Out There"" con el premio a Canción del Año."
458,1988,Somewhere Out There,Linda Ronstadt & James Ingram,"En el historial de los Grammy, ""Somewhere Out There"" aparece como la ganadora de Canción del Año correspondiente a 1988."
459,1988,Somewhere Out There,Linda Ronstadt & James Ingram,"La canción ""Somewhere Out There"", interpretada por Linda Ronstadt & James Ingram, recibió uno de los principales Grammy en 1988."
460,1988,Somewhere Out There,Linda Ronstadt & James Ingram,"El reconocimiento a Canción del Año en los Grammy de 1988 fue para la composición titulada ""Somewhere Out There""."
461,1988,Somewhere Out There,Linda Ronstadt & James Ingram,"Según el registro histórico de los Grammy, ""Somewhere Out There"" ganó Canción del Año en 1988."
462,1988,Somewhere Out There,Linda Ronstadt & James Ingram,"La participación de Linda Ronstadt & James Ingram quedó ligada a ""Somewhere Out There"", la Canción del Año en los Grammy de 1988."
463,1988,Somewhere Out There,Linda Ronstadt & James Ingram,"En 1988, la Recording Academy premió a ""Somewhere Out There"" dentro de la categoría Canción del Año."
464,1988,Somewhere Out There,Linda Ronstadt & James Ingram,"El título ""Somewhere Out There"" forma parte de la lista de obras ganadoras del Grammy a Canción del Año, gracias a su victoria en 1988."
465,1988,Somewhere Out There,Linda Ronstadt & James Ingram,"La ceremonia de 1988 incorporó a ""Somewhere Out There"", interpretada por Linda Ronstadt & James Ingram, al grupo de ganadoras de Canción del Año."
466,1989,Don't Worry Be Happy,Bobby McFerrin,"En 1989, ""Don't Worry Be Happy"" obtuvo el Grammy a Canción del Año y fue interpretada por Bobby McFerrin."
467,1989,Don't Worry Be Happy,Bobby McFerrin,"La obra ""Don't Worry Be Happy"", asociada con Bobby McFerrin, ganó la categoría Canción del Año en los Grammy de 1989."
468,1989,Don't Worry Be Happy,Bobby McFerrin,"Durante la ceremonia de los Grammy de 1989, ""Don't Worry Be Happy"" fue reconocida como Canción del Año."
469,1989,Don't Worry Be Happy,Bobby McFerrin,"El premio Grammy a Canción del Año de 1989 correspondió a ""Don't Worry Be Happy"", interpretada por Bobby McFerrin."
470,1989,Don't Worry Be Happy,Bobby McFerrin,"Entre los ganadores históricos de los Grammy figura ""Don't Worry Be Happy"", premiada como Canción del Año en 1989."
471,1989,Don't Worry Be Happy,Bobby McFerrin,"Bobby McFerrin estuvo vinculado al triunfo de ""Don't Worry Be Happy"" en la categoría Canción del Año de los Grammy de 1989."
472,1989,Don't Worry Be Happy,Bobby McFerrin,"La edición de los Grammy celebrada en 1989 distinguió a ""Don't Worry Be Happy"" con el premio a Canción del Año."
473,1989,Don't Worry Be Happy,Bobby McFerrin,"En el historial de los Grammy, ""Don't Worry Be Happy"" aparece como la ganadora de Canción del Año correspondiente a 1989."
474,1989,Don't Worry Be Happy,Bobby McFerrin,"La canción ""Don't Worry Be Happy"", interpretada por Bobby McFerrin, recibió uno de los principales Grammy en 1989."
475,1989,Don't Worry Be Happy,Bobby McFerrin,"El reconocimiento a Canción del Año en los Grammy de 1989 fue para la composición titulada ""Don't Worry Be Happy""."
476,1989,Don't Worry Be Happy,Bobby McFerrin,"Según el registro histórico de los Grammy, ""Don't Worry Be Happy"" ganó Canción del Año en 1989."
477,1989,Don't Worry Be Happy,Bobby McFerrin,"La participación de Bobby McFerrin quedó ligada a ""Don't Worry Be Happy"", la Canción del Año en los Grammy de 1989."
478,1989,Don't Worry Be Happy,Bobby McFerrin,"En 1989, la Recording Academy premió a ""Don't Worry Be Happy"" dentro de la categoría Canción del Año."
479,1989,Don't Worry Be Happy,Bobby McFerrin,"El título ""Don't Worry Be Happy"" forma parte de la lista de obras ganadoras del Grammy a Canción del Año, gracias a su victoria en 1989."
480,1989,Don't Worry Be Happy,Bobby McFerrin,"La ceremonia de 1989 incorporó a ""Don't Worry Be Happy"", interpretada por Bobby McFerrin, al grupo de ganadoras de Canción del Año."
481,1990,Wind Beneath My Wings,Bette Midler,"En 1990, ""Wind Beneath My Wings"" obtuvo el Grammy a Canción del Año y fue interpretada por Bette Midler."
482,1990,Wind Beneath My Wings,Bette Midler,"La obra ""Wind Beneath My Wings"", asociada con Bette Midler, ganó la categoría Canción del Año en los Grammy de 1990."
483,1990,Wind Beneath My Wings,Bette Midler,"Durante la ceremonia de los Grammy de 1990, ""Wind Beneath My Wings"" fue reconocida como Canción del Año."
484,1990,Wind Beneath My Wings,Bette Midler,"El premio Grammy a Canción del Año de 1990 correspondió a ""Wind Beneath My Wings"", interpretada por Bette Midler."
485,1990,Wind Beneath My Wings,Bette Midler,"Entre los ganadores históricos de los Grammy figura ""Wind Beneath My Wings"", premiada como Canción del Año en 1990."
486,1990,Wind Beneath My Wings,Bette Midler,"Bette Midler estuvo vinculado al triunfo de ""Wind Beneath My Wings"" en la categoría Canción del Año de los Grammy de 1990."
487,1990,Wind Beneath My Wings,Bette Midler,"La edición de los Grammy celebrada en 1990 distinguió a ""Wind Beneath My Wings"" con el premio a Canción del Año."
488,1990,Wind Beneath My Wings,Bette Midler,"En el historial de los Grammy, ""Wind Beneath My Wings"" aparece como la ganadora de Canción del Año correspondiente a 1990."
489,1990,Wind Beneath My Wings,Bette Midler,"La canción ""Wind Beneath My Wings"", interpretada por Bette Midler, recibió uno de los principales Grammy en 1990."
490,1990,Wind Beneath My Wings,Bette Midler,"El reconocimiento a Canción del Año en los Grammy de 1990 fue para la composición titulada ""Wind Beneath My Wings""."
491,1990,Wind Beneath My Wings,Bette Midler,"Según el registro histórico de los Grammy, ""Wind Beneath My Wings"" ganó Canción del Año en 1990."
492,1990,Wind Beneath My Wings,Bette Midler,"La participación de Bette Midler quedó ligada a ""Wind Beneath My Wings"", la Canción del Año en los Grammy de 1990."
493,1990,Wind Beneath My Wings,Bette Midler,"En 1990, la Recording Academy premió a ""Wind Beneath My Wings"" dentro de la categoría Canción del Año."
494,1990,Wind Beneath My Wings,Bette Midler,"El título ""Wind Beneath My Wings"" forma parte de la lista de obras ganadoras del Grammy a Canción del Año, gracias a su victoria en 1990."
495,1990,Wind Beneath My Wings,Bette Midler,"La ceremonia de 1990 incorporó a ""Wind Beneath My Wings"", interpretada por Bette Midler, al grupo de ganadoras de Canción del Año."
496,1991,From A Distance,Bette Midler,"En 1991, ""From A Distance"" obtuvo el Grammy a Canción del Año y fue interpretada por Bette Midler."
497,1991,From A Distance,Bette Midler,"La obra ""From A Distance"", asociada con Bette Midler, ganó la categoría Canción del Año en los Grammy de 1991."
498,1991,From A Distance,Bette Midler,"Durante la ceremonia de los Grammy de 1991, ""From A Distance"" fue reconocida como Canción del Año."
499,1991,From A Distance,Bette Midler,"El premio Grammy a Canción del Año de 1991 correspondió a ""From A Distance"", interpretada por Bette Midler."
500,1991,From A Distance,Bette Midler,"Entre los ganadores históricos de los Grammy figura ""From A Distance"", premiada como Canción del Año en 1991."
501,1991,From A Distance,Bette Midler,"Bette Midler estuvo vinculado al triunfo de ""From A Distance"" en la categoría Canción del Año de los Grammy de 1991."
502,1991,From A Distance,Bette Midler,"La edición de los Grammy celebrada en 1991 distinguió a ""From A Distance"" con el premio a Canción del Año."
503,1991,From A Distance,Bette Midler,"En el historial de los Grammy, ""From A Distance"" aparece como la ganadora de Canción del Año correspondiente a 1991."
504,1991,From A Distance,Bette Midler,"La canción ""From A Distance"", interpretada por Bette Midler, recibió uno de los principales Grammy en 1991."
505,1991,From A Distance,Bette Midler,"El reconocimiento a Canción del Año en los Grammy de 1991 fue para la composición titulada ""From A Distance""."
506,1991,From A Distance,Bette Midler,"Según el registro histórico de los Grammy, ""From A Distance"" ganó Canción del Año en 1991."
507,1991,From A Distance,Bette Midler,"La participación de Bette Midler quedó ligada a ""From A Distance"", la Canción del Año en los Grammy de 1991."
508,1991,From A Distance,Bette Midler,"En 1991, la Recording Academy premió a ""From A Distance"" dentro de la categoría Canción del Año."
509,1991,From A Distance,Bette Midler,"El título ""From A Distance"" forma parte de la lista de obras ganadoras del Grammy a Canción del Año, gracias a su victoria en 1991."
510,1991,From A Distance,Bette Midler,"La ceremonia de 1991 incorporó a ""From A Distance"", interpretada por Bette Midler, al grupo de ganadoras de Canción del Año."
511,1992,Unforgettable,"Natalie Cole [With Nat ""King"" Cole]","En 1992, ""Unforgettable"" obtuvo el Grammy a Canción del Año y fue interpretada por Natalie Cole [With Nat ""King"" Cole]."
512,1992,Unforgettable,"Natalie Cole [With Nat ""King"" Cole]","La obra ""Unforgettable"", asociada con Natalie Cole [With Nat ""King"" Cole], ganó la categoría Canción del Año en los Grammy de 1992."
513,1992,Unforgettable,"Natalie Cole [With Nat ""King"" Cole]","Durante la ceremonia de los Grammy de 1992, ""Unforgettable"" fue reconocida como Canción del Año."
514,1992,Unforgettable,"Natalie Cole [With Nat ""King"" Cole]","El premio Grammy a Canción del Año de 1992 correspondió a ""Unforgettable"", interpretada por Natalie Cole [With Nat ""King"" Cole]."
515,1992,Unforgettable,"Natalie Cole [With Nat ""King"" Cole]","Entre los ganadores históricos de los Grammy figura ""Unforgettable"", premiada como Canción del Año en 1992."
516,1992,Unforgettable,"Natalie Cole [With Nat ""King"" Cole]","Natalie Cole [With Nat ""King"" Cole] estuvo vinculado al triunfo de ""Unforgettable"" en la categoría Canción del Año de los Grammy de 1992."
517,1992,Unforgettable,"Natalie Cole [With Nat ""King"" Cole]","La edición de los Grammy celebrada en 1992 distinguió a ""Unforgettable"" con el premio a Canción del Año."
518,1992,Unforgettable,"Natalie Cole [With Nat ""King"" Cole]","En el historial de los Grammy, ""Unforgettable"" aparece como la ganadora de Canción del Año correspondiente a 1992."
519,1992,Unforgettable,"Natalie Cole [With Nat ""King"" Cole]","La canción ""Unforgettable"", interpretada por Natalie Cole [With Nat ""King"" Cole], recibió uno de los principales Grammy en 1992."
520,1992,Unforgettable,"Natalie Cole [With Nat ""King"" Cole]","El reconocimiento a Canción del Año en los Grammy de 1992 fue para la composición titulada ""Unforgettable""."
521,1992,Unforgettable,"Natalie Cole [With Nat ""King"" Cole]","Según el registro histórico de los Grammy, ""Unforgettable"" ganó Canción del Año en 1992."
522,1992,Unforgettable,"Natalie Cole [With Nat ""King"" Cole]","La participación de Natalie Cole [With Nat ""King"" Cole] quedó ligada a ""Unforgettable"", la Canción del Año en los Grammy de 1992."
523,1992,Unforgettable,"Natalie Cole [With Nat ""King"" Cole]","En 1992, la Recording Academy premió a ""Unforgettable"" dentro de la categoría Canción del Año."
524,1992,Unforgettable,"Natalie Cole [With Nat ""King"" Cole]","El título ""Unforgettable"" forma parte de la lista de obras ganadoras del Grammy a Canción del Año, gracias a su victoria en 1992."
525,1992,Unforgettable,"Natalie Cole [With Nat ""King"" Cole]","La ceremonia de 1992 incorporó a ""Unforgettable"", interpretada por Natalie Cole [With Nat ""King"" Cole], al grupo de ganadoras de Canción del Año."
526,1993,Tears In Heaven,Eric Clapton,"En 1993, ""Tears In Heaven"" obtuvo el Grammy a Canción del Año y fue interpretada por Eric Clapton."
527,1993,Tears In Heaven,Eric Clapton,"La obra ""Tears In Heaven"", asociada con Eric Clapton, ganó la categoría Canción del Año en los Grammy de 1993."
528,1993,Tears In Heaven,Eric Clapton,"Durante la ceremonia de los Grammy de 1993, ""Tears In Heaven"" fue reconocida como Canción del Año."
529,1993,Tears In Heaven,Eric Clapton,"El premio Grammy a Canción del Año de 1993 correspondió a ""Tears In Heaven"", interpretada por Eric Clapton."
530,1993,Tears In Heaven,Eric Clapton,"Entre los ganadores históricos de los Grammy figura ""Tears In Heaven"", premiada como Canción del Año en 1993."
531,1993,Tears In Heaven,Eric Clapton,"Eric Clapton estuvo vinculado al triunfo de ""Tears In Heaven"" en la categoría Canción del Año de los Grammy de 1993."
532,1993,Tears In Heaven,Eric Clapton,"La edición de los Grammy celebrada en 1993 distinguió a ""Tears In Heaven"" con el premio a Canción del Año."
533,1993,Tears In Heaven,Eric Clapton,"En el historial de los Grammy, ""Tears In Heaven"" aparece como la ganadora de Canción del Año correspondiente a 1993."
534,1993,Tears In Heaven,Eric Clapton,"La canción ""Tears In Heaven"", interpretada por Eric Clapton, recibió uno de los principales Grammy en 1993."
535,1993,Tears In Heaven,Eric Clapton,"El reconocimiento a Canción del Año en los Grammy de 1993 fue para la composición titulada ""Tears In Heaven""."
536,1993,Tears In Heaven,Eric Clapton,"Según el registro histórico de los Grammy, ""Tears In Heaven"" ganó Canción del Año en 1993."
537,1993,Tears In Heaven,Eric Clapton,"La participación de Eric Clapton quedó ligada a ""Tears In Heaven"", la Canción del Año en los Grammy de 1993."
538,1993,Tears In Heaven,Eric Clapton,"En 1993, la Recording Academy premió a ""Tears In Heaven"" dentro de la categoría Canción del Año."
539,1993,Tears In Heaven,Eric Clapton,"El título ""Tears In Heaven"" forma parte de la lista de obras ganadoras del Grammy a Canción del Año, gracias a su victoria en 1993."
540,1993,Tears In Heaven,Eric Clapton,"La ceremonia de 1993 incorporó a ""Tears In Heaven"", interpretada por Eric Clapton, al grupo de ganadoras de Canción del Año."
541,1994,A Whole New World (Aladdin's Theme),Peabo Bryson & Regina Belle,"En 1994, ""A Whole New World (Aladdin's Theme)"" obtuvo el Grammy a Canción del Año y fue interpretada por Peabo Bryson & Regina Belle."
542,1994,A Whole New World (Aladdin's Theme),Peabo Bryson & Regina Belle,"La obra ""A Whole New World (Aladdin's Theme)"", asociada con Peabo Bryson & Regina Belle, ganó la categoría Canción del Año en los Grammy de 1994."
543,1994,A Whole New World (Aladdin's Theme),Peabo Bryson & Regina Belle,"Durante la ceremonia de los Grammy de 1994, ""A Whole New World (Aladdin's Theme)"" fue reconocida como Canción del Año."
544,1994,A Whole New World (Aladdin's Theme),Peabo Bryson & Regina Belle,"El premio Grammy a Canción del Año de 1994 correspondió a ""A Whole New World (Aladdin's Theme)"", interpretada por Peabo Bryson & Regina Belle."
545,1994,A Whole New World (Aladdin's Theme),Peabo Bryson & Regina Belle,"Entre los ganadores históricos de los Grammy figura ""A Whole New World (Aladdin's Theme)"", premiada como Canción del Año en 1994."
546,1994,A Whole New World (Aladdin's Theme),Peabo Bryson & Regina Belle,"Peabo Bryson & Regina Belle estuvo vinculado al triunfo de ""A Whole New World (Aladdin's Theme)"" en la categoría Canción del Año de los Grammy de 1994."
547,1994,A Whole New World (Aladdin's Theme),Peabo Bryson & Regina Belle,"La edición de los Grammy celebrada en 1994 distinguió a ""A Whole New World (Aladdin's Theme)"" con el premio a Canción del Año."
548,1994,A Whole New World (Aladdin's Theme),Peabo Bryson & Regina Belle,"En el historial de los Grammy, ""A Whole New World (Aladdin's Theme)"" aparece como la ganadora de Canción del Año correspondiente a 1994."
549,1994,A Whole New World (Aladdin's Theme),Peabo Bryson & Regina Belle,"La canción ""A Whole New World (Aladdin's Theme)"", interpretada por Peabo Bryson & Regina Belle, recibió uno de los principales Grammy en 1994."
550,1994,A Whole New World (Aladdin's Theme),Peabo Bryson & Regina Belle,"El reconocimiento a Canción del Año en los Grammy de 1994 fue para la composición titulada ""A Whole New World (Aladdin's Theme)""."
551,1994,A Whole New World (Aladdin's Theme),Peabo Bryson & Regina Belle,"Según el registro histórico de los Grammy, ""A Whole New World (Aladdin's Theme)"" ganó Canción del Año en 1994."
552,1994,A Whole New World (Aladdin's Theme),Peabo Bryson & Regina Belle,"La participación de Peabo Bryson & Regina Belle quedó ligada a ""A Whole New World (Aladdin's Theme)"", la Canción del Año en los Grammy de 1994."
553,1994,A Whole New World (Aladdin's Theme),Peabo Bryson & Regina Belle,"En 1994, la Recording Academy premió a ""A Whole New World (Aladdin's Theme)"" dentro de la categoría Canción del Año."
554,1994,A Whole New World (Aladdin's Theme),Peabo Bryson & Regina Belle,"El título ""A Whole New World (Aladdin's Theme)"" forma parte de la lista de obras ganadoras del Grammy a Canción del Año, gracias a su victoria en 1994."
555,1994,A Whole New World (Aladdin's Theme),Peabo Bryson & Regina Belle,"La ceremonia de 1994 incorporó a ""A Whole New World (Aladdin's Theme)"", interpretada por Peabo Bryson & Regina Belle, al grupo de ganadoras de Canción del Año."
556,1995,Streets Of Philadelphia,Bruce Springsteen,"En 1995, ""Streets Of Philadelphia"" obtuvo el Grammy a Canción del Año y fue interpretada por Bruce Springsteen."
557,1995,Streets Of Philadelphia,Bruce Springsteen,"La obra ""Streets Of Philadelphia"", asociada con Bruce Springsteen, ganó la categoría Canción del Año en los Grammy de 1995."
558,1995,Streets Of Philadelphia,Bruce Springsteen,"Durante la ceremonia de los Grammy de 1995, ""Streets Of Philadelphia"" fue reconocida como Canción del Año."
559,1995,Streets Of Philadelphia,Bruce Springsteen,"El premio Grammy a Canción del Año de 1995 correspondió a ""Streets Of Philadelphia"", interpretada por Bruce Springsteen."
560,1995,Streets Of Philadelphia,Bruce Springsteen,"Entre los ganadores históricos de los Grammy figura ""Streets Of Philadelphia"", premiada como Canción del Año en 1995."
561,1995,Streets Of Philadelphia,Bruce Springsteen,"Bruce Springsteen estuvo vinculado al triunfo de ""Streets Of Philadelphia"" en la categoría Canción del Año de los Grammy de 1995."
562,1995,Streets Of Philadelphia,Bruce Springsteen,"La edición de los Grammy celebrada en 1995 distinguió a ""Streets Of Philadelphia"" con el premio a Canción del Año."
563,1995,Streets Of Philadelphia,Bruce Springsteen,"En el historial de los Grammy, ""Streets Of Philadelphia"" aparece como la ganadora de Canción del Año correspondiente a 1995."
564,1995,Streets Of Philadelphia,Bruce Springsteen,"La canción ""Streets Of Philadelphia"", interpretada por Bruce Springsteen, recibió uno de los principales Grammy en 1995."
565,1995,Streets Of Philadelphia,Bruce Springsteen,"El reconocimiento a Canción del Año en los Grammy de 1995 fue para la composición titulada ""Streets Of Philadelphia""."
566,1995,Streets Of Philadelphia,Bruce Springsteen,"Según el registro histórico de los Grammy, ""Streets Of Philadelphia"" ganó Canción del Año en 1995."
567,1995,Streets Of Philadelphia,Bruce Springsteen,"La participación de Bruce Springsteen quedó ligada a ""Streets Of Philadelphia"", la Canción del Año en los Grammy de 1995."
568,1995,Streets Of Philadelphia,Bruce Springsteen,"En 1995, la Recording Academy premió a ""Streets Of Philadelphia"" dentro de la categoría Canción del Año."
569,1995,Streets Of Philadelphia,Bruce Springsteen,"El título ""Streets Of Philadelphia"" forma parte de la lista de obras ganadoras del Grammy a Canción del Año, gracias a su victoria en 1995."
570,1995,Streets Of Philadelphia,Bruce Springsteen,"La ceremonia de 1995 incorporó a ""Streets Of Philadelphia"", interpretada por Bruce Springsteen, al grupo de ganadoras de Canción del Año."
571,1996,Kiss From A Rose,Seal,"En 1996, ""Kiss From A Rose"" obtuvo el Grammy a Canción del Año y fue interpretada por Seal."
572,1996,Kiss From A Rose,Seal,"La obra ""Kiss From A Rose"", asociada con Seal, ganó la categoría Canción del Año en los Grammy de 1996."
573,1996,Kiss From A Rose,Seal,"Durante la ceremonia de los Grammy de 1996, ""Kiss From A Rose"" fue reconocida como Canción del Año."
574,1996,Kiss From A Rose,Seal,"El premio Grammy a Canción del Año de 1996 correspondió a ""Kiss From A Rose"", interpretada por Seal."
575,1996,Kiss From A Rose,Seal,"Entre los ganadores históricos de los Grammy figura ""Kiss From A Rose"", premiada como Canción del Año en 1996."
576,1996,Kiss From A Rose,Seal,"Seal estuvo vinculado al triunfo de ""Kiss From A Rose"" en la categoría Canción del Año de los Grammy de 1996."
577,1996,Kiss From A Rose,Seal,"La edición de los Grammy celebrada en 1996 distinguió a ""Kiss From A Rose"" con el premio a Canción del Año."
578,1996,Kiss From A Rose,Seal,"En el historial de los Grammy, ""Kiss From A Rose"" aparece como la ganadora de Canción del Año correspondiente a 1996."
579,1996,Kiss From A Rose,Seal,"La canción ""Kiss From A Rose"", interpretada por Seal, recibió uno de los principales Grammy en 1996."
580,1996,Kiss From A Rose,Seal,"El reconocimiento a Canción del Año en los Grammy de 1996 fue para la composición titulada ""Kiss From A Rose""."
581,1996,Kiss From A Rose,Seal,"Según el registro histórico de los Grammy, ""Kiss From A Rose"" ganó Canción del Año en 1996."
582,1996,Kiss From A Rose,Seal,"La participación de Seal quedó ligada a ""Kiss From A Rose"", la Canción del Año en los Grammy de 1996."
583,1996,Kiss From A Rose,Seal,"En 1996, la Recording Academy premió a ""Kiss From A Rose"" dentro de la categoría Canción del Año."
584,1996,Kiss From A Rose,Seal,"El título ""Kiss From A Rose"" forma parte de la lista de obras ganadoras del Grammy a Canción del Año, gracias a su victoria en 1996."
585,1996,Kiss From A Rose,Seal,"La ceremonia de 1996 incorporó a ""Kiss From A Rose"", interpretada por Seal, al grupo de ganadoras de Canción del Año."
586,1997,Change The World,Eric Clapton AND ALSO Wynonna,"En 1997, ""Change The World"" obtuvo el Grammy a Canción del Año y fue interpretada por Eric Clapton AND ALSO Wynonna."
587,1997,Change The World,Eric Clapton AND ALSO Wynonna,"La obra ""Change The World"", asociada con Eric Clapton AND ALSO Wynonna, ganó la categoría Canción del Año en los Grammy de 1997."
588,1997,Change The World,Eric Clapton AND ALSO Wynonna,"Durante la ceremonia de los Grammy de 1997, ""Change The World"" fue reconocida como Canción del Año."
589,1997,Change The World,Eric Clapton AND ALSO Wynonna,"El premio Grammy a Canción del Año de 1997 correspondió a ""Change The World"", interpretada por Eric Clapton AND ALSO Wynonna."
590,1997,Change The World,Eric Clapton AND ALSO Wynonna,"Entre los ganadores históricos de los Grammy figura ""Change The World"", premiada como Canción del Año en 1997."
591,1997,Change The World,Eric Clapton AND ALSO Wynonna,"Eric Clapton AND ALSO Wynonna estuvo vinculado al triunfo de ""Change The World"" en la categoría Canción del Año de los Grammy de 1997."
592,1997,Change The World,Eric Clapton AND ALSO Wynonna,"La edición de los Grammy celebrada en 1997 distinguió a ""Change The World"" con el premio a Canción del Año."
593,1997,Change The World,Eric Clapton AND ALSO Wynonna,"En el historial de los Grammy, ""Change The World"" aparece como la ganadora de Canción del Año correspondiente a 1997."
594,1997,Change The World,Eric Clapton AND ALSO Wynonna,"La canción ""Change The World"", interpretada por Eric Clapton AND ALSO Wynonna, recibió uno de los principales Grammy en 1997."
595,1997,Change The World,Eric Clapton AND ALSO Wynonna,"El reconocimiento a Canción del Año en los Grammy de 1997 fue para la composición titulada ""Change The World""."
596,1997,Change The World,Eric Clapton AND ALSO Wynonna,"Según el registro histórico de los Grammy, ""Change The World"" ganó Canción del Año en 1997."
597,1997,Change The World,Eric Clapton AND ALSO Wynonna,"La participación de Eric Clapton AND ALSO Wynonna quedó ligada a ""Change The World"", la Canción del Año en los Grammy de 1997."
598,1997,Change The World,Eric Clapton AND ALSO Wynonna,"En 1997, la Recording Academy premió a ""Change The World"" dentro de la categoría Canción del Año."
599,1997,Change The World,Eric Clapton AND ALSO Wynonna,"El título ""Change The World"" forma parte de la lista de obras ganadoras del Grammy a Canción del Año, gracias a su victoria en 1997."
600,1997,Change The World,Eric Clapton AND ALSO Wynonna,"La ceremonia de 1997 incorporó a ""Change The World"", interpretada por Eric Clapton AND ALSO Wynonna, al grupo de ganadoras de Canción del Año."
601,1998,Sunny Came Home,Shawn Colvin,"En 1998, ""Sunny Came Home"" obtuvo el Grammy a Canción del Año y fue interpretada por Shawn Colvin."
602,1998,Sunny Came Home,Shawn Colvin,"La obra ""Sunny Came Home"", asociada con Shawn Colvin, ganó la categoría Canción del Año en los Grammy de 1998."
603,1998,Sunny Came Home,Shawn Colvin,"Durante la ceremonia de los Grammy de 1998, ""Sunny Came Home"" fue reconocida como Canción del Año."
604,1998,Sunny Came Home,Shawn Colvin,"El premio Grammy a Canción del Año de 1998 correspondió a ""Sunny Came Home"", interpretada por Shawn Colvin."
605,1998,Sunny Came Home,Shawn Colvin,"Entre los ganadores históricos de los Grammy figura ""Sunny Came Home"", premiada como Canción del Año en 1998."
606,1998,Sunny Came Home,Shawn Colvin,"Shawn Colvin estuvo vinculado al triunfo de ""Sunny Came Home"" en la categoría Canción del Año de los Grammy de 1998."
607,1998,Sunny Came Home,Shawn Colvin,"La edición de los Grammy celebrada en 1998 distinguió a ""Sunny Came Home"" con el premio a Canción del Año."
608,1998,Sunny Came Home,Shawn Colvin,"En el historial de los Grammy, ""Sunny Came Home"" aparece como la ganadora de Canción del Año correspondiente a 1998."
609,1998,Sunny Came Home,Shawn Colvin,"La canción ""Sunny Came Home"", interpretada por Shawn Colvin, recibió uno de los principales Grammy en 1998."
610,1998,Sunny Came Home,Shawn Colvin,"El reconocimiento a Canción del Año en los Grammy de 1998 fue para la composición titulada ""Sunny Came Home""."
611,1998,Sunny Came Home,Shawn Colvin,"Según el registro histórico de los Grammy, ""Sunny Came Home"" ganó Canción del Año en 1998."
612,1998,Sunny Came Home,Shawn Colvin,"La participación de Shawn Colvin quedó ligada a ""Sunny Came Home"", la Canción del Año en los Grammy de 1998."
613,1998,Sunny Came Home,Shawn Colvin,"En 1998, la Recording Academy premió a ""Sunny Came Home"" dentro de la categoría Canción del Año."
614,1998,Sunny Came Home,Shawn Colvin,"El título ""Sunny Came Home"" forma parte de la lista de obras ganadoras del Grammy a Canción del Año, gracias a su victoria en 1998."
615,1998,Sunny Came Home,Shawn Colvin,"La ceremonia de 1998 incorporó a ""Sunny Came Home"", interpretada por Shawn Colvin, al grupo de ganadoras de Canción del Año."
616,1999,My Heart Will Go On (Love Theme From Titanic),Celine Dion,"En 1999, ""My Heart Will Go On (Love Theme From Titanic)"" obtuvo el Grammy a Canción del Año y fue interpretada por Celine Dion."
617,1999,My Heart Will Go On (Love Theme From Titanic),Celine Dion,"La obra ""My Heart Will Go On (Love Theme From Titanic)"", asociada con Celine Dion, ganó la categoría Canción del Año en los Grammy de 1999."
618,1999,My Heart Will Go On (Love Theme From Titanic),Celine Dion,"Durante la ceremonia de los Grammy de 1999, ""My Heart Will Go On (Love Theme From Titanic)"" fue reconocida como Canción del Año."
619,1999,My Heart Will Go On (Love Theme From Titanic),Celine Dion,"El premio Grammy a Canción del Año de 1999 correspondió a ""My Heart Will Go On (Love Theme From Titanic)"", interpretada por Celine Dion."
620,1999,My Heart Will Go On (Love Theme From Titanic),Celine Dion,"Entre los ganadores históricos de los Grammy figura ""My Heart Will Go On (Love Theme From Titanic)"", premiada como Canción del Año en 1999."
621,1999,My Heart Will Go On (Love Theme From Titanic),Celine Dion,"Celine Dion estuvo vinculado al triunfo de ""My Heart Will Go On (Love Theme From Titanic)"" en la categoría Canción del Año de los Grammy de 1999."
622,1999,My Heart Will Go On (Love Theme From Titanic),Celine Dion,"La edición de los Grammy celebrada en 1999 distinguió a ""My Heart Will Go On (Love Theme From Titanic)"" con el premio a Canción del Año."
623,1999,My Heart Will Go On (Love Theme From Titanic),Celine Dion,"En el historial de los Grammy, ""My Heart Will Go On (Love Theme From Titanic)"" aparece como la ganadora de Canción del Año correspondiente a 1999."
624,1999,My Heart Will Go On (Love Theme From Titanic),Celine Dion,"La canción ""My Heart Will Go On (Love Theme From Titanic)"", interpretada por Celine Dion, recibió uno de los principales Grammy en 1999."
625,1999,My Heart Will Go On (Love Theme From Titanic),Celine Dion,"El reconocimiento a Canción del Año en los Grammy de 1999 fue para la composición titulada ""My Heart Will Go On (Love Theme From Titanic)""."
626,1999,My Heart Will Go On (Love Theme From Titanic),Celine Dion,"Según el registro histórico de los Grammy, ""My Heart Will Go On (Love Theme From Titanic)"" ganó Canción del Año en 1999."
627,1999,My Heart Will Go On (Love Theme From Titanic),Celine Dion,"La participación de Celine Dion quedó ligada a ""My Heart Will Go On (Love Theme From Titanic)"", la Canción del Año en los Grammy de 1999."
628,1999,My Heart Will Go On (Love Theme From Titanic),Celine Dion,"En 1999, la Recording Academy premió a ""My Heart Will Go On (Love Theme From Titanic)"" dentro de la categoría Canción del Año."
629,1999,My Heart Will Go On (Love Theme From Titanic),Celine Dion,"El título ""My Heart Will Go On (Love Theme From Titanic)"" forma parte de la lista de obras ganadoras del Grammy a Canción del Año, gracias a su victoria en 1999."
630,1999,My Heart Will Go On (Love Theme From Titanic),Celine Dion,"La ceremonia de 1999 incorporó a ""My Heart Will Go On (Love Theme From Titanic)"", interpretada por Celine Dion, al grupo de ganadoras de Canción del Año."
631,2000,Smooth,Santana Featuring Rob Thomas,"En 2000, ""Smooth"" obtuvo el Grammy a Canción del Año y fue interpretada por Santana Featuring Rob Thomas."
632,2000,Smooth,Santana Featuring Rob Thomas,"La obra ""Smooth"", asociada con Santana Featuring Rob Thomas, ganó la categoría Canción del Año en los Grammy de 2000."
633,2000,Smooth,Santana Featuring Rob Thomas,"Durante la ceremonia de los Grammy de 2000, ""Smooth"" fue reconocida como Canción del Año."
634,2000,Smooth,Santana Featuring Rob Thomas,"El premio Grammy a Canción del Año de 2000 correspondió a ""Smooth"", interpretada por Santana Featuring Rob Thomas."
635,2000,Smooth,Santana Featuring Rob Thomas,"Entre los ganadores históricos de los Grammy figura ""Smooth"", premiada como Canción del Año en 2000."
636,2000,Smooth,Santana Featuring Rob Thomas,"Santana Featuring Rob Thomas estuvo vinculado al triunfo de ""Smooth"" en la categoría Canción del Año de los Grammy de 2000."
637,2000,Smooth,Santana Featuring Rob Thomas,"La edición de los Grammy celebrada en 2000 distinguió a ""Smooth"" con el premio a Canción del Año."
638,2000,Smooth,Santana Featuring Rob Thomas,"En el historial de los Grammy, ""Smooth"" aparece como la ganadora de Canción del Año correspondiente a 2000."
639,2000,Smooth,Santana Featuring Rob Thomas,"La canción ""Smooth"", interpretada por Santana Featuring Rob Thomas, recibió uno de los principales Grammy en 2000."
640,2000,Smooth,Santana Featuring Rob Thomas,"El reconocimiento a Canción del Año en los Grammy de 2000 fue para la composición titulada ""Smooth""."
641,2000,Smooth,Santana Featuring Rob Thomas,"Según el registro histórico de los Grammy, ""Smooth"" ganó Canción del Año en 2000."
642,2000,Smooth,Santana Featuring Rob Thomas,"La participación de Santana Featuring Rob Thomas quedó ligada a ""Smooth"", la Canción del Año en los Grammy de 2000."
643,2000,Smooth,Santana Featuring Rob Thomas,"En 2000, la Recording Academy premió a ""Smooth"" dentro de la categoría Canción del Año."
644,2000,Smooth,Santana Featuring Rob Thomas,"El título ""Smooth"" forma parte de la lista de obras ganadoras del Grammy a Canción del Año, gracias a su victoria en 2000."
645,2000,Smooth,Santana Featuring Rob Thomas,"La ceremonia de 2000 incorporó a ""Smooth"", interpretada por Santana Featuring Rob Thomas, al grupo de ganadoras de Canción del Año."
646,2001,Beautiful Day,"Bono, Adam Clayton, Edge & Larry Mullen Jr.","En 2001, ""Beautiful Day"" obtuvo el Grammy a Canción del Año y fue interpretada por Bono, Adam Clayton, Edge & Larry Mullen Jr.."
647,2001,Beautiful Day,"Bono, Adam Clayton, Edge & Larry Mullen Jr.","La obra ""Beautiful Day"", asociada con Bono, Adam Clayton, Edge & Larry Mullen Jr., ganó la categoría Canción del Año en los Grammy de 2001."
648,2001,Beautiful Day,"Bono, Adam Clayton, Edge & Larry Mullen Jr.","Durante la ceremonia de los Grammy de 2001, ""Beautiful Day"" fue reconocida como Canción del Año."
649,2001,Beautiful Day,"Bono, Adam Clayton, Edge & Larry Mullen Jr.","El premio Grammy a Canción del Año de 2001 correspondió a ""Beautiful Day"", interpretada por Bono, Adam Clayton, Edge & Larry Mullen Jr.."
650,2001,Beautiful Day,"Bono, Adam Clayton, Edge & Larry Mullen Jr.","Entre los ganadores históricos de los Grammy figura ""Beautiful Day"", premiada como Canción del Año en 2001."
651,2001,Beautiful Day,"Bono, Adam Clayton, Edge & Larry Mullen Jr.","Bono, Adam Clayton, Edge & Larry Mullen Jr. estuvo vinculado al triunfo de ""Beautiful Day"" en la categoría Canción del Año de los Grammy de 2001."
652,2001,Beautiful Day,"Bono, Adam Clayton, Edge & Larry Mullen Jr.","La edición de los Grammy celebrada en 2001 distinguió a ""Beautiful Day"" con el premio a Canción del Año."
653,2001,Beautiful Day,"Bono, Adam Clayton, Edge & Larry Mullen Jr.","En el historial de los Grammy, ""Beautiful Day"" aparece como la ganadora de Canción del Año correspondiente a 2001."
654,2001,Beautiful Day,"Bono, Adam Clayton, Edge & Larry Mullen Jr.","La canción ""Beautiful Day"", interpretada por Bono, Adam Clayton, Edge & Larry Mullen Jr., recibió uno de los principales Grammy en 2001."
655,2001,Beautiful Day,"Bono, Adam Clayton, Edge & Larry Mullen Jr.","El reconocimiento a Canción del Año en los Grammy de 2001 fue para la composición titulada ""Beautiful Day""."
656,2001,Beautiful Day,"Bono, Adam Clayton, Edge & Larry Mullen Jr.","Según el registro histórico de los Grammy, ""Beautiful Day"" ganó Canción del Año en 2001."
657,2001,Beautiful Day,"Bono, Adam Clayton, Edge & Larry Mullen Jr.","La participación de Bono, Adam Clayton, Edge & Larry Mullen Jr. quedó ligada a ""Beautiful Day"", la Canción del Año en los Grammy de 2001."
658,2001,Beautiful Day,"Bono, Adam Clayton, Edge & Larry Mullen Jr.","En 2001, la Recording Academy premió a ""Beautiful Day"" dentro de la categoría Canción del Año."
659,2001,Beautiful Day,"Bono, Adam Clayton, Edge & Larry Mullen Jr.","El título ""Beautiful Day"" forma parte de la lista de obras ganadoras del Grammy a Canción del Año, gracias a su victoria en 2001."
660,2001,Beautiful Day,"Bono, Adam Clayton, Edge & Larry Mullen Jr.","La ceremonia de 2001 incorporó a ""Beautiful Day"", interpretada por Bono, Adam Clayton, Edge & Larry Mullen Jr., al grupo de ganadoras de Canción del Año."
661,2002,Fallin',Alicia Keys,"En 2002, ""Fallin'"" obtuvo el Grammy a Canción del Año y fue interpretada por Alicia Keys."
662,2002,Fallin',Alicia Keys,"La obra ""Fallin'"", asociada con Alicia Keys, ganó la categoría Canción del Año en los Grammy de 2002."
663,2002,Fallin',Alicia Keys,"Durante la ceremonia de los Grammy de 2002, ""Fallin'"" fue reconocida como Canción del Año."
664,2002,Fallin',Alicia Keys,"El premio Grammy a Canción del Año de 2002 correspondió a ""Fallin'"", interpretada por Alicia Keys."
665,2002,Fallin',Alicia Keys,"Entre los ganadores históricos de los Grammy figura ""Fallin'"", premiada como Canción del Año en 2002."
666,2002,Fallin',Alicia Keys,"Alicia Keys estuvo vinculado al triunfo de ""Fallin'"" en la categoría Canción del Año de los Grammy de 2002."
667,2002,Fallin',Alicia Keys,"La edición de los Grammy celebrada en 2002 distinguió a ""Fallin'"" con el premio a Canción del Año."
668,2002,Fallin',Alicia Keys,"En el historial de los Grammy, ""Fallin'"" aparece como la ganadora de Canción del Año correspondiente a 2002."
669,2002,Fallin',Alicia Keys,"La canción ""Fallin'"", interpretada por Alicia Keys, recibió uno de los principales Grammy en 2002."
670,2002,Fallin',Alicia Keys,"El reconocimiento a Canción del Año en los Grammy de 2002 fue para la composición titulada ""Fallin'""."
671,2002,Fallin',Alicia Keys,"Según el registro histórico de los Grammy, ""Fallin'"" ganó Canción del Año en 2002."
672,2002,Fallin',Alicia Keys,"La participación de Alicia Keys quedó ligada a ""Fallin'"", la Canción del Año en los Grammy de 2002."
673,2002,Fallin',Alicia Keys,"En 2002, la Recording Academy premió a ""Fallin'"" dentro de la categoría Canción del Año."
674,2002,Fallin',Alicia Keys,"El título ""Fallin'"" forma parte de la lista de obras ganadoras del Grammy a Canción del Año, gracias a su victoria en 2002."
675,2002,Fallin',Alicia Keys,"La ceremonia de 2002 incorporó a ""Fallin'"", interpretada por Alicia Keys, al grupo de ganadoras de Canción del Año."
676,2003,Don't Know Why,Norah Jones,"En 2003, ""Don't Know Why"" obtuvo el Grammy a Canción del Año y fue interpretada por Norah Jones."
677,2003,Don't Know Why,Norah Jones,"La obra ""Don't Know Why"", asociada con Norah Jones, ganó la categoría Canción del Año en los Grammy de 2003."
678,2003,Don't Know Why,Norah Jones,"Durante la ceremonia de los Grammy de 2003, ""Don't Know Why"" fue reconocida como Canción del Año."
679,2003,Don't Know Why,Norah Jones,"El premio Grammy a Canción del Año de 2003 correspondió a ""Don't Know Why"", interpretada por Norah Jones."
680,2003,Don't Know Why,Norah Jones,"Entre los ganadores históricos de los Grammy figura ""Don't Know Why"", premiada como Canción del Año en 2003."
681,2003,Don't Know Why,Norah Jones,"Norah Jones estuvo vinculado al triunfo de ""Don't Know Why"" en la categoría Canción del Año de los Grammy de 2003."
682,2003,Don't Know Why,Norah Jones,"La edición de los Grammy celebrada en 2003 distinguió a ""Don't Know Why"" con el premio a Canción del Año."
683,2003,Don't Know Why,Norah Jones,"En el historial de los Grammy, ""Don't Know Why"" aparece como la ganadora de Canción del Año correspondiente a 2003."
684,2003,Don't Know Why,Norah Jones,"La canción ""Don't Know Why"", interpretada por Norah Jones, recibió uno de los principales Grammy en 2003."
685,2003,Don't Know Why,Norah Jones,"El reconocimiento a Canción del Año en los Grammy de 2003 fue para la composición titulada ""Don't Know Why""."
686,2003,Don't Know Why,Norah Jones,"Según el registro histórico de los Grammy, ""Don't Know Why"" ganó Canción del Año en 2003."
687,2003,Don't Know Why,Norah Jones,"La participación de Norah Jones quedó ligada a ""Don't Know Why"", la Canción del Año en los Grammy de 2003."
688,2003,Don't Know Why,Norah Jones,"En 2003, la Recording Academy premió a ""Don't Know Why"" dentro de la categoría Canción del Año."
689,2003,Don't Know Why,Norah Jones,"El título ""Don't Know Why"" forma parte de la lista de obras ganadoras del Grammy a Canción del Año, gracias a su victoria en 2003."
690,2003,Don't Know Why,Norah Jones,"La ceremonia de 2003 incorporó a ""Don't Know Why"", interpretada por Norah Jones, al grupo de ganadoras de Canción del Año."
691,2004,Dance With My Father,Luther Vandross,"En 2004, ""Dance With My Father"" obtuvo el Grammy a Canción del Año y fue interpretada por Luther Vandross."
692,2004,Dance With My Father,Luther Vandross,"La obra ""Dance With My Father"", asociada con Luther Vandross, ganó la categoría Canción del Año en los Grammy de 2004."
693,2004,Dance With My Father,Luther Vandross,"Durante la ceremonia de los Grammy de 2004, ""Dance With My Father"" fue reconocida como Canción del Año."
694,2004,Dance With My Father,Luther Vandross,"El premio Grammy a Canción del Año de 2004 correspondió a ""Dance With My Father"", interpretada por Luther Vandross."
695,2004,Dance With My Father,Luther Vandross,"Entre los ganadores históricos de los Grammy figura ""Dance With My Father"", premiada como Canción del Año en 2004."
696,2004,Dance With My Father,Luther Vandross,"Luther Vandross estuvo vinculado al triunfo de ""Dance With My Father"" en la categoría Canción del Año de los Grammy de 2004."
697,2004,Dance With My Father,Luther Vandross,"La edición de los Grammy celebrada en 2004 distinguió a ""Dance With My Father"" con el premio a Canción del Año."
698,2004,Dance With My Father,Luther Vandross,"En el historial de los Grammy, ""Dance With My Father"" aparece como la ganadora de Canción del Año correspondiente a 2004."
699,2004,Dance With My Father,Luther Vandross,"La canción ""Dance With My Father"", interpretada por Luther Vandross, recibió uno de los principales Grammy en 2004."
700,2004,Dance With My Father,Luther Vandross,"El reconocimiento a Canción del Año en los Grammy de 2004 fue para la composición titulada ""Dance With My Father""."
701,2004,Dance With My Father,Luther Vandross,"Según el registro histórico de los Grammy, ""Dance With My Father"" ganó Canción del Año en 2004."
702,2004,Dance With My Father,Luther Vandross,"La participación de Luther Vandross quedó ligada a ""Dance With My Father"", la Canción del Año en los Grammy de 2004."
703,2004,Dance With My Father,Luther Vandross,"En 2004, la Recording Academy premió a ""Dance With My Father"" dentro de la categoría Canción del Año."
704,2004,Dance With My Father,Luther Vandross,"El título ""Dance With My Father"" forma parte de la lista de obras ganadoras del Grammy a Canción del Año, gracias a su victoria en 2004."
705,2004,Dance With My Father,Luther Vandross,"La ceremonia de 2004 incorporó a ""Dance With My Father"", interpretada por Luther Vandross, al grupo de ganadoras de Canción del Año."
706,2005,Daughters,John Mayer,"En 2005, ""Daughters"" obtuvo el Grammy a Canción del Año y fue interpretada por John Mayer."
707,2005,Daughters,John Mayer,"La obra ""Daughters"", asociada con John Mayer, ganó la categoría Canción del Año en los Grammy de 2005."
708,2005,Daughters,John Mayer,"Durante la ceremonia de los Grammy de 2005, ""Daughters"" fue reconocida como Canción del Año."
709,2005,Daughters,John Mayer,"El premio Grammy a Canción del Año de 2005 correspondió a ""Daughters"", interpretada por John Mayer."
710,2005,Daughters,John Mayer,"Entre los ganadores históricos de los Grammy figura ""Daughters"", premiada como Canción del Año en 2005."
711,2005,Daughters,John Mayer,"John Mayer estuvo vinculado al triunfo de ""Daughters"" en la categoría Canción del Año de los Grammy de 2005."
712,2005,Daughters,John Mayer,"La edición de los Grammy celebrada en 2005 distinguió a ""Daughters"" con el premio a Canción del Año."
713,2005,Daughters,John Mayer,"En el historial de los Grammy, ""Daughters"" aparece como la ganadora de Canción del Año correspondiente a 2005."
714,2005,Daughters,John Mayer,"La canción ""Daughters"", interpretada por John Mayer, recibió uno de los principales Grammy en 2005."
715,2005,Daughters,John Mayer,"El reconocimiento a Canción del Año en los Grammy de 2005 fue para la composición titulada ""Daughters""."
716,2005,Daughters,John Mayer,"Según el registro histórico de los Grammy, ""Daughters"" ganó Canción del Año en 2005."
717,2005,Daughters,John Mayer,"La participación de John Mayer quedó ligada a ""Daughters"", la Canción del Año en los Grammy de 2005."
718,2005,Daughters,John Mayer,"En 2005, la Recording Academy premió a ""Daughters"" dentro de la categoría Canción del Año."
719,2005,Daughters,John Mayer,"El título ""Daughters"" forma parte de la lista de obras ganadoras del Grammy a Canción del Año, gracias a su victoria en 2005."
720,2005,Daughters,John Mayer,"La ceremonia de 2005 incorporó a ""Daughters"", interpretada por John Mayer, al grupo de ganadoras de Canción del Año."
721,2006,Sometimes You Can't Make It On Your Own,"Bono, Adam Clayton, Edge & Larry Mullen Jr.","En 2006, ""Sometimes You Can't Make It On Your Own"" obtuvo el Grammy a Canción del Año y fue interpretada por Bono, Adam Clayton, Edge & Larry Mullen Jr.."
722,2006,Sometimes You Can't Make It On Your Own,"Bono, Adam Clayton, Edge & Larry Mullen Jr.","La obra ""Sometimes You Can't Make It On Your Own"", asociada con Bono, Adam Clayton, Edge & Larry Mullen Jr., ganó la categoría Canción del Año en los Grammy de 2006."
723,2006,Sometimes You Can't Make It On Your Own,"Bono, Adam Clayton, Edge & Larry Mullen Jr.","Durante la ceremonia de los Grammy de 2006, ""Sometimes You Can't Make It On Your Own"" fue reconocida como Canción del Año."
724,2006,Sometimes You Can't Make It On Your Own,"Bono, Adam Clayton, Edge & Larry Mullen Jr.","El premio Grammy a Canción del Año de 2006 correspondió a ""Sometimes You Can't Make It On Your Own"", interpretada por Bono, Adam Clayton, Edge & Larry Mullen Jr.."
725,2006,Sometimes You Can't Make It On Your Own,"Bono, Adam Clayton, Edge & Larry Mullen Jr.","Entre los ganadores históricos de los Grammy figura ""Sometimes You Can't Make It On Your Own"", premiada como Canción del Año en 2006."
726,2006,Sometimes You Can't Make It On Your Own,"Bono, Adam Clayton, Edge & Larry Mullen Jr.","Bono, Adam Clayton, Edge & Larry Mullen Jr. estuvo vinculado al triunfo de ""Sometimes You Can't Make It On Your Own"" en la categoría Canción del Año de los Grammy de 2006."
727,2006,Sometimes You Can't Make It On Your Own,"Bono, Adam Clayton, Edge & Larry Mullen Jr.","La edición de los Grammy celebrada en 2006 distinguió a ""Sometimes You Can't Make It On Your Own"" con el premio a Canción del Año."
728,2006,Sometimes You Can't Make It On Your Own,"Bono, Adam Clayton, Edge & Larry Mullen Jr.","En el historial de los Grammy, ""Sometimes You Can't Make It On Your Own"" aparece como la ganadora de Canción del Año correspondiente a 2006."
729,2006,Sometimes You Can't Make It On Your Own,"Bono, Adam Clayton, Edge & Larry Mullen Jr.","La canción ""Sometimes You Can't Make It On Your Own"", interpretada por Bono, Adam Clayton, Edge & Larry Mullen Jr., recibió uno de los principales Grammy en 2006."
730,2006,Sometimes You Can't Make It On Your Own,"Bono, Adam Clayton, Edge & Larry Mullen Jr.","El reconocimiento a Canción del Año en los Grammy de 2006 fue para la composición titulada ""Sometimes You Can't Make It On Your Own""."
731,2006,Sometimes You Can't Make It On Your Own,"Bono, Adam Clayton, Edge & Larry Mullen Jr.","Según el registro histórico de los Grammy, ""Sometimes You Can't Make It On Your Own"" ganó Canción del Año en 2006."
732,2006,Sometimes You Can't Make It On Your Own,"Bono, Adam Clayton, Edge & Larry Mullen Jr.","La participación de Bono, Adam Clayton, Edge & Larry Mullen Jr. quedó ligada a ""Sometimes You Can't Make It On Your Own"", la Canción del Año en los Grammy de 2006."
733,2006,Sometimes You Can't Make It On Your Own,"Bono, Adam Clayton, Edge & Larry Mullen Jr.","En 2006, la Recording Academy premió a ""Sometimes You Can't Make It On Your Own"" dentro de la categoría Canción del Año."
734,2006,Sometimes You Can't Make It On Your Own,"Bono, Adam Clayton, Edge & Larry Mullen Jr.","El título ""Sometimes You Can't Make It On Your Own"" forma parte de la lista de obras ganadoras del Grammy a Canción del Año, gracias a su victoria en 2006."
735,2006,Sometimes You Can't Make It On Your Own,"Bono, Adam Clayton, Edge & Larry Mullen Jr.","La ceremonia de 2006 incorporó a ""Sometimes You Can't Make It On Your Own"", interpretada por Bono, Adam Clayton, Edge & Larry Mullen Jr., al grupo de ganadoras de Canción del Año."
736,2007,Not Ready To Make Nice,Dixie Chicks,"En 2007, ""Not Ready To Make Nice"" obtuvo el Grammy a Canción del Año y fue interpretada por Dixie Chicks."
737,2007,Not Ready To Make Nice,Dixie Chicks,"La obra ""Not Ready To Make Nice"", asociada con Dixie Chicks, ganó la categoría Canción del Año en los Grammy de 2007."
738,2007,Not Ready To Make Nice,Dixie Chicks,"Durante la ceremonia de los Grammy de 2007, ""Not Ready To Make Nice"" fue reconocida como Canción del Año."
739,2007,Not Ready To Make Nice,Dixie Chicks,"El premio Grammy a Canción del Año de 2007 correspondió a ""Not Ready To Make Nice"", interpretada por Dixie Chicks."
740,2007,Not Ready To Make Nice,Dixie Chicks,"Entre los ganadores históricos de los Grammy figura ""Not Ready To Make Nice"", premiada como Canción del Año en 2007."
741,2007,Not Ready To Make Nice,Dixie Chicks,"Dixie Chicks estuvo vinculado al triunfo de ""Not Ready To Make Nice"" en la categoría Canción del Año de los Grammy de 2007."
742,2007,Not Ready To Make Nice,Dixie Chicks,"La edición de los Grammy celebrada en 2007 distinguió a ""Not Ready To Make Nice"" con el premio a Canción del Año."
743,2007,Not Ready To Make Nice,Dixie Chicks,"En el historial de los Grammy, ""Not Ready To Make Nice"" aparece como la ganadora de Canción del Año correspondiente a 2007."
744,2007,Not Ready To Make Nice,Dixie Chicks,"La canción ""Not Ready To Make Nice"", interpretada por Dixie Chicks, recibió uno de los principales Grammy en 2007."
745,2007,Not Ready To Make Nice,Dixie Chicks,"El reconocimiento a Canción del Año en los Grammy de 2007 fue para la composición titulada ""Not Ready To Make Nice""."
746,2007,Not Ready To Make Nice,Dixie Chicks,"Según el registro histórico de los Grammy, ""Not Ready To Make Nice"" ganó Canción del Año en 2007."
747,2007,Not Ready To Make Nice,Dixie Chicks,"La participación de Dixie Chicks quedó ligada a ""Not Ready To Make Nice"", la Canción del Año en los Grammy de 2007."
748,2007,Not Ready To Make Nice,Dixie Chicks,"En 2007, la Recording Academy premió a ""Not Ready To Make Nice"" dentro de la categoría Canción del Año."
749,2007,Not Ready To Make Nice,Dixie Chicks,"El título ""Not Ready To Make Nice"" forma parte de la lista de obras ganadoras del Grammy a Canción del Año, gracias a su victoria en 2007."
750,2007,Not Ready To Make Nice,Dixie Chicks,"La ceremonia de 2007 incorporó a ""Not Ready To Make Nice"", interpretada por Dixie Chicks, al grupo de ganadoras de Canción del Año."
751,2008,Rehab,Amy Winehouse,"En 2008, ""Rehab"" obtuvo el Grammy a Canción del Año y fue interpretada por Amy Winehouse."
752,2008,Rehab,Amy Winehouse,"La obra ""Rehab"", asociada con Amy Winehouse, ganó la categoría Canción del Año en los Grammy de 2008."
753,2008,Rehab,Amy Winehouse,"Durante la ceremonia de los Grammy de 2008, ""Rehab"" fue reconocida como Canción del Año."
754,2008,Rehab,Amy Winehouse,"El premio Grammy a Canción del Año de 2008 correspondió a ""Rehab"", interpretada por Amy Winehouse."
755,2008,Rehab,Amy Winehouse,"Entre los ganadores históricos de los Grammy figura ""Rehab"", premiada como Canción del Año en 2008."
756,2008,Rehab,Amy Winehouse,"Amy Winehouse estuvo vinculado al triunfo de ""Rehab"" en la categoría Canción del Año de los Grammy de 2008."
757,2008,Rehab,Amy Winehouse,"La edición de los Grammy celebrada en 2008 distinguió a ""Rehab"" con el premio a Canción del Año."
758,2008,Rehab,Amy Winehouse,"En el historial de los Grammy, ""Rehab"" aparece como la ganadora de Canción del Año correspondiente a 2008."
759,2008,Rehab,Amy Winehouse,"La canción ""Rehab"", interpretada por Amy Winehouse, recibió uno de los principales Grammy en 2008."
760,2008,Rehab,Amy Winehouse,"El reconocimiento a Canción del Año en los Grammy de 2008 fue para la composición titulada ""Rehab""."
761,2008,Rehab,Amy Winehouse,"Según el registro histórico de los Grammy, ""Rehab"" ganó Canción del Año en 2008."
762,2008,Rehab,Amy Winehouse,"La participación de Amy Winehouse quedó ligada a ""Rehab"", la Canción del Año en los Grammy de 2008."
763,2008,Rehab,Amy Winehouse,"En 2008, la Recording Academy premió a ""Rehab"" dentro de la categoría Canción del Año."
764,2008,Rehab,Amy Winehouse,"El título ""Rehab"" forma parte de la lista de obras ganadoras del Grammy a Canción del Año, gracias a su victoria en 2008."
765,2008,Rehab,Amy Winehouse,"La ceremonia de 2008 incorporó a ""Rehab"", interpretada por Amy Winehouse, al grupo de ganadoras de Canción del Año."
766,2009,Viva La Vida,"Guy Berryman, Jon Buckland, Will Champion & Chris Martin","En 2009, ""Viva La Vida"" obtuvo el Grammy a Canción del Año y fue interpretada por Guy Berryman, Jon Buckland, Will Champion & Chris Martin."
767,2009,Viva La Vida,"Guy Berryman, Jon Buckland, Will Champion & Chris Martin","La obra ""Viva La Vida"", asociada con Guy Berryman, Jon Buckland, Will Champion & Chris Martin, ganó la categoría Canción del Año en los Grammy de 2009."
768,2009,Viva La Vida,"Guy Berryman, Jon Buckland, Will Champion & Chris Martin","Durante la ceremonia de los Grammy de 2009, ""Viva La Vida"" fue reconocida como Canción del Año."
769,2009,Viva La Vida,"Guy Berryman, Jon Buckland, Will Champion & Chris Martin","El premio Grammy a Canción del Año de 2009 correspondió a ""Viva La Vida"", interpretada por Guy Berryman, Jon Buckland, Will Champion & Chris Martin."
770,2009,Viva La Vida,"Guy Berryman, Jon Buckland, Will Champion & Chris Martin","Entre los ganadores históricos de los Grammy figura ""Viva La Vida"", premiada como Canción del Año en 2009."
771,2009,Viva La Vida,"Guy Berryman, Jon Buckland, Will Champion & Chris Martin","Guy Berryman, Jon Buckland, Will Champion & Chris Martin estuvo vinculado al triunfo de ""Viva La Vida"" en la categoría Canción del Año de los Grammy de 2009."
772,2009,Viva La Vida,"Guy Berryman, Jon Buckland, Will Champion & Chris Martin","La edición de los Grammy celebrada en 2009 distinguió a ""Viva La Vida"" con el premio a Canción del Año."
773,2009,Viva La Vida,"Guy Berryman, Jon Buckland, Will Champion & Chris Martin","En el historial de los Grammy, ""Viva La Vida"" aparece como la ganadora de Canción del Año correspondiente a 2009."
774,2009,Viva La Vida,"Guy Berryman, Jon Buckland, Will Champion & Chris Martin","La canción ""Viva La Vida"", interpretada por Guy Berryman, Jon Buckland, Will Champion & Chris Martin, recibió uno de los principales Grammy en 2009."
775,2009,Viva La Vida,"Guy Berryman, Jon Buckland, Will Champion & Chris Martin","El reconocimiento a Canción del Año en los Grammy de 2009 fue para la composición titulada ""Viva La Vida""."
776,2009,Viva La Vida,"Guy Berryman, Jon Buckland, Will Champion & Chris Martin","Según el registro histórico de los Grammy, ""Viva La Vida"" ganó Canción del Año en 2009."
777,2009,Viva La Vida,"Guy Berryman, Jon Buckland, Will Champion & Chris Martin","La participación de Guy Berryman, Jon Buckland, Will Champion & Chris Martin quedó ligada a ""Viva La Vida"", la Canción del Año en los Grammy de 2009."
778,2009,Viva La Vida,"Guy Berryman, Jon Buckland, Will Champion & Chris Martin","En 2009, la Recording Academy premió a ""Viva La Vida"" dentro de la categoría Canción del Año."
779,2009,Viva La Vida,"Guy Berryman, Jon Buckland, Will Champion & Chris Martin","El título ""Viva La Vida"" forma parte de la lista de obras ganadoras del Grammy a Canción del Año, gracias a su victoria en 2009."
780,2009,Viva La Vida,"Guy Berryman, Jon Buckland, Will Champion & Chris Martin","La ceremonia de 2009 incorporó a ""Viva La Vida"", interpretada por Guy Berryman, Jon Buckland, Will Champion & Chris Martin, al grupo de ganadoras de Canción del Año."
781,2010,Single Ladies (Put A Ring On It),BeyoncÃÂ©,"En 2010, ""Single Ladies (Put A Ring On It)"" obtuvo el Grammy a Canción del Año y fue interpretada por BeyoncÃÂ©."
782,2010,Single Ladies (Put A Ring On It),BeyoncÃÂ©,"La obra ""Single Ladies (Put A Ring On It)"", asociada con BeyoncÃÂ©, ganó la categoría Canción del Año en los Grammy de 2010."
783,2010,Single Ladies (Put A Ring On It),BeyoncÃÂ©,"Durante la ceremonia de los Grammy de 2010, ""Single Ladies (Put A Ring On It)"" fue reconocida como Canción del Año."
784,2010,Single Ladies (Put A Ring On It),BeyoncÃÂ©,"El premio Grammy a Canción del Año de 2010 correspondió a ""Single Ladies (Put A Ring On It)"", interpretada por BeyoncÃÂ©."
785,2010,Single Ladies (Put A Ring On It),BeyoncÃÂ©,"Entre los ganadores históricos de los Grammy figura ""Single Ladies (Put A Ring On It)"", premiada como Canción del Año en 2010."
786,2010,Single Ladies (Put A Ring On It),BeyoncÃÂ©,"BeyoncÃÂ© estuvo vinculado al triunfo de ""Single Ladies (Put A Ring On It)"" en la categoría Canción del Año de los Grammy de 2010."
787,2010,Single Ladies (Put A Ring On It),BeyoncÃÂ©,"La edición de los Grammy celebrada en 2010 distinguió a ""Single Ladies (Put A Ring On It)"" con el premio a Canción del Año."
788,2010,Single Ladies (Put A Ring On It),BeyoncÃÂ©,"En el historial de los Grammy, ""Single Ladies (Put A Ring On It)"" aparece como la ganadora de Canción del Año correspondiente a 2010."
789,2010,Single Ladies (Put A Ring On It),BeyoncÃÂ©,"La canción ""Single Ladies (Put A Ring On It)"", interpretada por BeyoncÃÂ©, recibió uno de los principales Grammy en 2010."
790,2010,Single Ladies (Put A Ring On It),BeyoncÃÂ©,"El reconocimiento a Canción del Año en los Grammy de 2010 fue para la composición titulada ""Single Ladies (Put A Ring On It)""."
791,2010,Single Ladies (Put A Ring On It),BeyoncÃÂ©,"Según el registro histórico de los Grammy, ""Single Ladies (Put A Ring On It)"" ganó Canción del Año en 2010."
792,2010,Single Ladies (Put A Ring On It),BeyoncÃÂ©,"La participación de BeyoncÃÂ© quedó ligada a ""Single Ladies (Put A Ring On It)"", la Canción del Año en los Grammy de 2010."
793,2010,Single Ladies (Put A Ring On It),BeyoncÃÂ©,"En 2010, la Recording Academy premió a ""Single Ladies (Put A Ring On It)"" dentro de la categoría Canción del Año."
794,2010,Single Ladies (Put A Ring On It),BeyoncÃÂ©,"El título ""Single Ladies (Put A Ring On It)"" forma parte de la lista de obras ganadoras del Grammy a Canción del Año, gracias a su victoria en 2010."
795,2010,Single Ladies (Put A Ring On It),BeyoncÃÂ©,"La ceremonia de 2010 incorporó a ""Single Ladies (Put A Ring On It)"", interpretada por BeyoncÃÂ©, al grupo de ganadoras de Canción del Año."
796,2011,Need You Now,Lady Antebellum,"En 2011, ""Need You Now"" obtuvo el Grammy a Canción del Año y fue interpretada por Lady Antebellum."
797,2011,Need You Now,Lady Antebellum,"La obra ""Need You Now"", asociada con Lady Antebellum, ganó la categoría Canción del Año en los Grammy de 2011."
798,2011,Need You Now,Lady Antebellum,"Durante la ceremonia de los Grammy de 2011, ""Need You Now"" fue reconocida como Canción del Año."
799,2011,Need You Now,Lady Antebellum,"El premio Grammy a Canción del Año de 2011 correspondió a ""Need You Now"", interpretada por Lady Antebellum."
800,2011,Need You Now,Lady Antebellum,"Entre los ganadores históricos de los Grammy figura ""Need You Now"", premiada como Canción del Año en 2011."
801,2011,Need You Now,Lady Antebellum,"Lady Antebellum estuvo vinculado al triunfo de ""Need You Now"" en la categoría Canción del Año de los Grammy de 2011."
802,2011,Need You Now,Lady Antebellum,"La edición de los Grammy celebrada en 2011 distinguió a ""Need You Now"" con el premio a Canción del Año."
803,2011,Need You Now,Lady Antebellum,"En el historial de los Grammy, ""Need You Now"" aparece como la ganadora de Canción del Año correspondiente a 2011."
804,2011,Need You Now,Lady Antebellum,"La canción ""Need You Now"", interpretada por Lady Antebellum, recibió uno de los principales Grammy en 2011."
805,2011,Need You Now,Lady Antebellum,"El reconocimiento a Canción del Año en los Grammy de 2011 fue para la composición titulada ""Need You Now""."
806,2011,Need You Now,Lady Antebellum,"Según el registro histórico de los Grammy, ""Need You Now"" ganó Canción del Año en 2011."
807,2011,Need You Now,Lady Antebellum,"La participación de Lady Antebellum quedó ligada a ""Need You Now"", la Canción del Año en los Grammy de 2011."
808,2011,Need You Now,Lady Antebellum,"En 2011, la Recording Academy premió a ""Need You Now"" dentro de la categoría Canción del Año."
809,2011,Need You Now,Lady Antebellum,"El título ""Need You Now"" forma parte de la lista de obras ganadoras del Grammy a Canción del Año, gracias a su victoria en 2011."
810,2011,Need You Now,Lady Antebellum,"La ceremonia de 2011 incorporó a ""Need You Now"", interpretada por Lady Antebellum, al grupo de ganadoras de Canción del Año."
811,2012,Rolling In The Deep,Adele,"En 2012, ""Rolling In The Deep"" obtuvo el Grammy a Canción del Año y fue interpretada por Adele."
812,2012,Rolling In The Deep,Adele,"La obra ""Rolling In The Deep"", asociada con Adele, ganó la categoría Canción del Año en los Grammy de 2012."
813,2012,Rolling In The Deep,Adele,"Durante la ceremonia de los Grammy de 2012, ""Rolling In The Deep"" fue reconocida como Canción del Año."
814,2012,Rolling In The Deep,Adele,"El premio Grammy a Canción del Año de 2012 correspondió a ""Rolling In The Deep"", interpretada por Adele."
815,2012,Rolling In The Deep,Adele,"Entre los ganadores históricos de los Grammy figura ""Rolling In The Deep"", premiada como Canción del Año en 2012."
816,2012,Rolling In The Deep,Adele,"Adele estuvo vinculado al triunfo de ""Rolling In The Deep"" en la categoría Canción del Año de los Grammy de 2012."
817,2012,Rolling In The Deep,Adele,"La edición de los Grammy celebrada en 2012 distinguió a ""Rolling In The Deep"" con el premio a Canción del Año."
818,2012,Rolling In The Deep,Adele,"En el historial de los Grammy, ""Rolling In The Deep"" aparece como la ganadora de Canción del Año correspondiente a 2012."
819,2012,Rolling In The Deep,Adele,"La canción ""Rolling In The Deep"", interpretada por Adele, recibió uno de los principales Grammy en 2012."
820,2012,Rolling In The Deep,Adele,"El reconocimiento a Canción del Año en los Grammy de 2012 fue para la composición titulada ""Rolling In The Deep""."
821,2012,Rolling In The Deep,Adele,"Según el registro histórico de los Grammy, ""Rolling In The Deep"" ganó Canción del Año en 2012."
822,2012,Rolling In The Deep,Adele,"La participación de Adele quedó ligada a ""Rolling In The Deep"", la Canción del Año en los Grammy de 2012."
823,2012,Rolling In The Deep,Adele,"En 2012, la Recording Academy premió a ""Rolling In The Deep"" dentro de la categoría Canción del Año."
824,2012,Rolling In The Deep,Adele,"El título ""Rolling In The Deep"" forma parte de la lista de obras ganadoras del Grammy a Canción del Año, gracias a su victoria en 2012."
825,2012,Rolling In The Deep,Adele,"La ceremonia de 2012 incorporó a ""Rolling In The Deep"", interpretada por Adele, al grupo de ganadoras de Canción del Año."
826,2013,We Are Young,Fun. Featuring Janelle MonÃÂ¡e,"En 2013, ""We Are Young"" obtuvo el Grammy a Canción del Año y fue interpretada por Fun. Featuring Janelle MonÃÂ¡e."
827,2013,We Are Young,Fun. Featuring Janelle MonÃÂ¡e,"La obra ""We Are Young"", asociada con Fun. Featuring Janelle MonÃÂ¡e, ganó la categoría Canción del Año en los Grammy de 2013."
828,2013,We Are Young,Fun. Featuring Janelle MonÃÂ¡e,"Durante la ceremonia de los Grammy de 2013, ""We Are Young"" fue reconocida como Canción del Año."
829,2013,We Are Young,Fun. Featuring Janelle MonÃÂ¡e,"El premio Grammy a Canción del Año de 2013 correspondió a ""We Are Young"", interpretada por Fun. Featuring Janelle MonÃÂ¡e."
830,2013,We Are Young,Fun. Featuring Janelle MonÃÂ¡e,"Entre los ganadores históricos de los Grammy figura ""We Are Young"", premiada como Canción del Año en 2013."
831,2013,We Are Young,Fun. Featuring Janelle MonÃÂ¡e,"Fun. Featuring Janelle MonÃÂ¡e estuvo vinculado al triunfo de ""We Are Young"" en la categoría Canción del Año de los Grammy de 2013."
832,2013,We Are Young,Fun. Featuring Janelle MonÃÂ¡e,"La edición de los Grammy celebrada en 2013 distinguió a ""We Are Young"" con el premio a Canción del Año."
833,2013,We Are Young,Fun. Featuring Janelle MonÃÂ¡e,"En el historial de los Grammy, ""We Are Young"" aparece como la ganadora de Canción del Año correspondiente a 2013."
834,2013,We Are Young,Fun. Featuring Janelle MonÃÂ¡e,"La canción ""We Are Young"", interpretada por Fun. Featuring Janelle MonÃÂ¡e, recibió uno de los principales Grammy en 2013."
835,2013,We Are Young,Fun. Featuring Janelle MonÃÂ¡e,"El reconocimiento a Canción del Año en los Grammy de 2013 fue para la composición titulada ""We Are Young""."
836,2013,We Are Young,Fun. Featuring Janelle MonÃÂ¡e,"Según el registro histórico de los Grammy, ""We Are Young"" ganó Canción del Año en 2013."
837,2013,We Are Young,Fun. Featuring Janelle MonÃÂ¡e,"La participación de Fun. Featuring Janelle MonÃÂ¡e quedó ligada a ""We Are Young"", la Canción del Año en los Grammy de 2013."
838,2013,We Are Young,Fun. Featuring Janelle MonÃÂ¡e,"En 2013, la Recording Academy premió a ""We Are Young"" dentro de la categoría Canción del Año."
839,2013,We Are Young,Fun. Featuring Janelle MonÃÂ¡e,"El título ""We Are Young"" forma parte de la lista de obras ganadoras del Grammy a Canción del Año, gracias a su victoria en 2013."
840,2013,We Are Young,Fun. Featuring Janelle MonÃÂ¡e,"La ceremonia de 2013 incorporó a ""We Are Young"", interpretada por Fun. Featuring Janelle MonÃÂ¡e, al grupo de ganadoras de Canción del Año."
841,2014,Royals,Lorde,"En 2014, ""Royals"" obtuvo el Grammy a Canción del Año y fue interpretada por Lorde."
842,2014,Royals,Lorde,"La obra ""Royals"", asociada con Lorde, ganó la categoría Canción del Año en los Grammy de 2014."
843,2014,Royals,Lorde,"Durante la ceremonia de los Grammy de 2014, ""Royals"" fue reconocida como Canción del Año."
844,2014,Royals,Lorde,"El premio Grammy a Canción del Año de 2014 correspondió a ""Royals"", interpretada por Lorde."
845,2014,Royals,Lorde,"Entre los ganadores históricos de los Grammy figura ""Royals"", premiada como Canción del Año en 2014."
846,2014,Royals,Lorde,"Lorde estuvo vinculado al triunfo de ""Royals"" en la categoría Canción del Año de los Grammy de 2014."
847,2014,Royals,Lorde,"La edición de los Grammy celebrada en 2014 distinguió a ""Royals"" con el premio a Canción del Año."
848,2014,Royals,Lorde,"En el historial de los Grammy, ""Royals"" aparece como la ganadora de Canción del Año correspondiente a 2014."
849,2014,Royals,Lorde,"La canción ""Royals"", interpretada por Lorde, recibió uno de los principales Grammy en 2014."
850,2014,Royals,Lorde,"El reconocimiento a Canción del Año en los Grammy de 2014 fue para la composición titulada ""Royals""."
851,2014,Royals,Lorde,"Según el registro histórico de los Grammy, ""Royals"" ganó Canción del Año en 2014."
852,2014,Royals,Lorde,"La participación de Lorde quedó ligada a ""Royals"", la Canción del Año en los Grammy de 2014."
853,2014,Royals,Lorde,"En 2014, la Recording Academy premió a ""Royals"" dentro de la categoría Canción del Año."
854,2014,Royals,Lorde,"El título ""Royals"" forma parte de la lista de obras ganadoras del Grammy a Canción del Año, gracias a su victoria en 2014."
855,2014,Royals,Lorde,"La ceremonia de 2014 incorporó a ""Royals"", interpretada por Lorde, al grupo de ganadoras de Canción del Año."
856,2015,Stay With Me (Darkchild Version),Sam Smith,"En 2015, ""Stay With Me (Darkchild Version)"" obtuvo el Grammy a Canción del Año y fue interpretada por Sam Smith."
857,2015,Stay With Me (Darkchild Version),Sam Smith,"La obra ""Stay With Me (Darkchild Version)"", asociada con Sam Smith, ganó la categoría Canción del Año en los Grammy de 2015."
858,2015,Stay With Me (Darkchild Version),Sam Smith,"Durante la ceremonia de los Grammy de 2015, ""Stay With Me (Darkchild Version)"" fue reconocida como Canción del Año."
859,2015,Stay With Me (Darkchild Version),Sam Smith,"El premio Grammy a Canción del Año de 2015 correspondió a ""Stay With Me (Darkchild Version)"", interpretada por Sam Smith."
860,2015,Stay With Me (Darkchild Version),Sam Smith,"Entre los ganadores históricos de los Grammy figura ""Stay With Me (Darkchild Version)"", premiada como Canción del Año en 2015."
861,2015,Stay With Me (Darkchild Version),Sam Smith,"Sam Smith estuvo vinculado al triunfo de ""Stay With Me (Darkchild Version)"" en la categoría Canción del Año de los Grammy de 2015."
862,2015,Stay With Me (Darkchild Version),Sam Smith,"La edición de los Grammy celebrada en 2015 distinguió a ""Stay With Me (Darkchild Version)"" con el premio a Canción del Año."
863,2015,Stay With Me (Darkchild Version),Sam Smith,"En el historial de los Grammy, ""Stay With Me (Darkchild Version)"" aparece como la ganadora de Canción del Año correspondiente a 2015."
864,2015,Stay With Me (Darkchild Version),Sam Smith,"La canción ""Stay With Me (Darkchild Version)"", interpretada por Sam Smith, recibió uno de los principales Grammy en 2015."
865,2015,Stay With Me (Darkchild Version),Sam Smith,"El reconocimiento a Canción del Año en los Grammy de 2015 fue para la composición titulada ""Stay With Me (Darkchild Version)""."
866,2015,Stay With Me (Darkchild Version),Sam Smith,"Según el registro histórico de los Grammy, ""Stay With Me (Darkchild Version)"" ganó Canción del Año en 2015."
867,2015,Stay With Me (Darkchild Version),Sam Smith,"La participación de Sam Smith quedó ligada a ""Stay With Me (Darkchild Version)"", la Canción del Año en los Grammy de 2015."
868,2015,Stay With Me (Darkchild Version),Sam Smith,"En 2015, la Recording Academy premió a ""Stay With Me (Darkchild Version)"" dentro de la categoría Canción del Año."
869,2015,Stay With Me (Darkchild Version),Sam Smith,"El título ""Stay With Me (Darkchild Version)"" forma parte de la lista de obras ganadoras del Grammy a Canción del Año, gracias a su victoria en 2015."
870,2015,Stay With Me (Darkchild Version),Sam Smith,"La ceremonia de 2015 incorporó a ""Stay With Me (Darkchild Version)"", interpretada por Sam Smith, al grupo de ganadoras de Canción del Año."
871,2016,Thinking Out Loud,Ed Sheeran,"En 2016, ""Thinking Out Loud"" obtuvo el Grammy a Canción del Año y fue interpretada por Ed Sheeran."
872,2016,Thinking Out Loud,Ed Sheeran,"La obra ""Thinking Out Loud"", asociada con Ed Sheeran, ganó la categoría Canción del Año en los Grammy de 2016."
873,2016,Thinking Out Loud,Ed Sheeran,"Durante la ceremonia de los Grammy de 2016, ""Thinking Out Loud"" fue reconocida como Canción del Año."
874,2016,Thinking Out Loud,Ed Sheeran,"El premio Grammy a Canción del Año de 2016 correspondió a ""Thinking Out Loud"", interpretada por Ed Sheeran."
875,2016,Thinking Out Loud,Ed Sheeran,"Entre los ganadores históricos de los Grammy figura ""Thinking Out Loud"", premiada como Canción del Año en 2016."
876,2016,Thinking Out Loud,Ed Sheeran,"Ed Sheeran estuvo vinculado al triunfo de ""Thinking Out Loud"" en la categoría Canción del Año de los Grammy de 2016."
877,2016,Thinking Out Loud,Ed Sheeran,"La edición de los Grammy celebrada en 2016 distinguió a ""Thinking Out Loud"" con el premio a Canción del Año."
878,2016,Thinking Out Loud,Ed Sheeran,"En el historial de los Grammy, ""Thinking Out Loud"" aparece como la ganadora de Canción del Año correspondiente a 2016."
879,2016,Thinking Out Loud,Ed Sheeran,"La canción ""Thinking Out Loud"", interpretada por Ed Sheeran, recibió uno de los principales Grammy en 2016."
880,2016,Thinking Out Loud,Ed Sheeran,"El reconocimiento a Canción del Año en los Grammy de 2016 fue para la composición titulada ""Thinking Out Loud""."
881,2016,Thinking Out Loud,Ed Sheeran,"Según el registro histórico de los Grammy, ""Thinking Out Loud"" ganó Canción del Año en 2016."
882,2016,Thinking Out Loud,Ed Sheeran,"La participación de Ed Sheeran quedó ligada a ""Thinking Out Loud"", la Canción del Año en los Grammy de 2016."
883,2016,Thinking Out Loud,Ed Sheeran,"En 2016, la Recording Academy premió a ""Thinking Out Loud"" dentro de la categoría Canción del Año."
884,2016,Thinking Out Loud,Ed Sheeran,"El título ""Thinking Out Loud"" forma parte de la lista de obras ganadoras del Grammy a Canción del Año, gracias a su victoria en 2016."
885,2016,Thinking Out Loud,Ed Sheeran,"La ceremonia de 2016 incorporó a ""Thinking Out Loud"", interpretada por Ed Sheeran, al grupo de ganadoras de Canción del Año."
886,2017,Hello,Adele,"En 2017, ""Hello"" obtuvo el Grammy a Canción del Año y fue interpretada por Adele."
887,2017,Hello,Adele,"La obra ""Hello"", asociada con Adele, ganó la categoría Canción del Año en los Grammy de 2017."
888,2017,Hello,Adele,"Durante la ceremonia de los Grammy de 2017, ""Hello"" fue reconocida como Canción del Año."
889,2017,Hello,Adele,"El premio Grammy a Canción del Año de 2017 correspondió a ""Hello"", interpretada por Adele."
890,2017,Hello,Adele,"Entre los ganadores históricos de los Grammy figura ""Hello"", premiada como Canción del Año en 2017."
891,2017,Hello,Adele,"Adele estuvo vinculado al triunfo de ""Hello"" en la categoría Canción del Año de los Grammy de 2017."
892,2017,Hello,Adele,"La edición de los Grammy celebrada en 2017 distinguió a ""Hello"" con el premio a Canción del Año."
893,2017,Hello,Adele,"En el historial de los Grammy, ""Hello"" aparece como la ganadora de Canción del Año correspondiente a 2017."
894,2017,Hello,Adele,"La canción ""Hello"", interpretada por Adele, recibió uno de los principales Grammy en 2017."
895,2017,Hello,Adele,"El reconocimiento a Canción del Año en los Grammy de 2017 fue para la composición titulada ""Hello""."
896,2017,Hello,Adele,"Según el registro histórico de los Grammy, ""Hello"" ganó Canción del Año en 2017."
897,2017,Hello,Adele,"La participación de Adele quedó ligada a ""Hello"", la Canción del Año en los Grammy de 2017."
898,2017,Hello,Adele,"En 2017, la Recording Academy premió a ""Hello"" dentro de la categoría Canción del Año."
899,2017,Hello,Adele,"El título ""Hello"" forma parte de la lista de obras ganadoras del Grammy a Canción del Año, gracias a su victoria en 2017."
900,2017,Hello,Adele,"La ceremonia de 2017 incorporó a ""Hello"", interpretada por Adele, al grupo de ganadoras de Canción del Año."
901,2018,That's What I Like,Bruno Mars,"En 2018, ""That's What I Like"" obtuvo el Grammy a Canción del Año y fue interpretada por Bruno Mars."
902,2018,That's What I Like,Bruno Mars,"La obra ""That's What I Like"", asociada con Bruno Mars, ganó la categoría Canción del Año en los Grammy de 2018."
903,2018,That's What I Like,Bruno Mars,"Durante la ceremonia de los Grammy de 2018, ""That's What I Like"" fue reconocida como Canción del Año."
904,2018,That's What I Like,Bruno Mars,"El premio Grammy a Canción del Año de 2018 correspondió a ""That's What I Like"", interpretada por Bruno Mars."
905,2018,That's What I Like,Bruno Mars,"Entre los ganadores históricos de los Grammy figura ""That's What I Like"", premiada como Canción del Año en 2018."
906,2018,That's What I Like,Bruno Mars,"Bruno Mars estuvo vinculado al triunfo de ""That's What I Like"" en la categoría Canción del Año de los Grammy de 2018."
907,2018,That's What I Like,Bruno Mars,"La edición de los Grammy celebrada en 2018 distinguió a ""That's What I Like"" con el premio a Canción del Año."
908,2018,That's What I Like,Bruno Mars,"En el historial de los Grammy, ""That's What I Like"" aparece como la ganadora de Canción del Año correspondiente a 2018."
909,2018,That's What I Like,Bruno Mars,"La canción ""That's What I Like"", interpretada por Bruno Mars, recibió uno de los principales Grammy en 2018."
910,2018,That's What I Like,Bruno Mars,"El reconocimiento a Canción del Año en los Grammy de 2018 fue para la composición titulada ""That's What I Like""."
911,2018,That's What I Like,Bruno Mars,"Según el registro histórico de los Grammy, ""That's What I Like"" ganó Canción del Año en 2018."
912,2018,That's What I Like,Bruno Mars,"La participación de Bruno Mars quedó ligada a ""That's What I Like"", la Canción del Año en los Grammy de 2018."
913,2018,That's What I Like,Bruno Mars,"En 2018, la Recording Academy premió a ""That's What I Like"" dentro de la categoría Canción del Año."
914,2018,That's What I Like,Bruno Mars,"El título ""That's What I Like"" forma parte de la lista de obras ganadoras del Grammy a Canción del Año, gracias a su victoria en 2018."
915,2018,That's What I Like,Bruno Mars,"La ceremonia de 2018 incorporó a ""That's What I Like"", interpretada por Bruno Mars, al grupo de ganadoras de Canción del Año."
916,2019,This Is America,Childish Gambino,"En 2019, ""This Is America"" obtuvo el Grammy a Canción del Año y fue interpretada por Childish Gambino."
917,2019,This Is America,Childish Gambino,"La obra ""This Is America"", asociada con Childish Gambino, ganó la categoría Canción del Año en los Grammy de 2019."
918,2019,This Is America,Childish Gambino,"Durante la ceremonia de los Grammy de 2019, ""This Is America"" fue reconocida como Canción del Año."
919,2019,This Is America,Childish Gambino,"El premio Grammy a Canción del Año de 2019 correspondió a ""This Is America"", interpretada por Childish Gambino."
920,2019,This Is America,Childish Gambino,"Entre los ganadores históricos de los Grammy figura ""This Is America"", premiada como Canción del Año en 2019."
921,2019,This Is America,Childish Gambino,"Childish Gambino estuvo vinculado al triunfo de ""This Is America"" en la categoría Canción del Año de los Grammy de 2019."
922,2019,This Is America,Childish Gambino,"La edición de los Grammy celebrada en 2019 distinguió a ""This Is America"" con el premio a Canción del Año."
923,2019,This Is America,Childish Gambino,"En el historial de los Grammy, ""This Is America"" aparece como la ganadora de Canción del Año correspondiente a 2019."
924,2019,This Is America,Childish Gambino,"La canción ""This Is America"", interpretada por Childish Gambino, recibió uno de los principales Grammy en 2019."
925,2019,This Is America,Childish Gambino,"El reconocimiento a Canción del Año en los Grammy de 2019 fue para la composición titulada ""This Is America""."
926,2019,This Is America,Childish Gambino,"Según el registro histórico de los Grammy, ""This Is America"" ganó Canción del Año en 2019."
927,2019,This Is America,Childish Gambino,"La participación de Childish Gambino quedó ligada a ""This Is America"", la Canción del Año en los Grammy de 2019."
928,2019,This Is America,Childish Gambino,"En 2019, la Recording Academy premió a ""This Is America"" dentro de la categoría Canción del Año."
929,2019,This Is America,Childish Gambino,"El título ""This Is America"" forma parte de la lista de obras ganadoras del Grammy a Canción del Año, gracias a su victoria en 2019."
930,2019,This Is America,Childish Gambino,"La ceremonia de 2019 incorporó a ""This Is America"", interpretada por Childish Gambino, al grupo de ganadoras de Canción del Año."
931,2020,Bad Guy,Billie Eilish,"En 2020, ""Bad Guy"" obtuvo el Grammy a Canción del Año y fue interpretada por Billie Eilish."
932,2020,Bad Guy,Billie Eilish,"La obra ""Bad Guy"", asociada con Billie Eilish, ganó la categoría Canción del Año en los Grammy de 2020."
933,2020,Bad Guy,Billie Eilish,"Durante la ceremonia de los Grammy de 2020, ""Bad Guy"" fue reconocida como Canción del Año."
934,2020,Bad Guy,Billie Eilish,"El premio Grammy a Canción del Año de 2020 correspondió a ""Bad Guy"", interpretada por Billie Eilish."
935,2020,Bad Guy,Billie Eilish,"Entre los ganadores históricos de los Grammy figura ""Bad Guy"", premiada como Canción del Año en 2020."
936,2020,Bad Guy,Billie Eilish,"Billie Eilish estuvo vinculado al triunfo de ""Bad Guy"" en la categoría Canción del Año de los Grammy de 2020."
937,2020,Bad Guy,Billie Eilish,"La edición de los Grammy celebrada en 2020 distinguió a ""Bad Guy"" con el premio a Canción del Año."
938,2020,Bad Guy,Billie Eilish,"En el historial de los Grammy, ""Bad Guy"" aparece como la ganadora de Canción del Año correspondiente a 2020."
939,2020,Bad Guy,Billie Eilish,"La canción ""Bad Guy"", interpretada por Billie Eilish, recibió uno de los principales Grammy en 2020."
940,2020,Bad Guy,Billie Eilish,"El reconocimiento a Canción del Año en los Grammy de 2020 fue para la composición titulada ""Bad Guy""."
941,2020,Bad Guy,Billie Eilish,"Según el registro histórico de los Grammy, ""Bad Guy"" ganó Canción del Año en 2020."
942,2020,Bad Guy,Billie Eilish,"La participación de Billie Eilish quedó ligada a ""Bad Guy"", la Canción del Año en los Grammy de 2020."
943,2020,Bad Guy,Billie Eilish,"En 2020, la Recording Academy premió a ""Bad Guy"" dentro de la categoría Canción del Año."
944,2020,Bad Guy,Billie Eilish,"El título ""Bad Guy"" forma parte de la lista de obras ganadoras del Grammy a Canción del Año, gracias a su victoria en 2020."
945,2020,Bad Guy,Billie Eilish,"La ceremonia de 2020 incorporó a ""Bad Guy"", interpretada por Billie Eilish, al grupo de ganadoras de Canción del Año."
946,2021,I Can't Breathe,H.E.R.,"En 2021, ""I Can't Breathe"" obtuvo el Grammy a Canción del Año y fue interpretada por H.E.R.."
947,2021,I Can't Breathe,H.E.R.,"La obra ""I Can't Breathe"", asociada con H.E.R., ganó la categoría Canción del Año en los Grammy de 2021."
948,2021,I Can't Breathe,H.E.R.,"Durante la ceremonia de los Grammy de 2021, ""I Can't Breathe"" fue reconocida como Canción del Año."
949,2021,I Can't Breathe,H.E.R.,"El premio Grammy a Canción del Año de 2021 correspondió a ""I Can't Breathe"", interpretada por H.E.R.."
950,2021,I Can't Breathe,H.E.R.,"Entre los ganadores históricos de los Grammy figura ""I Can't Breathe"", premiada como Canción del Año en 2021."
951,2021,I Can't Breathe,H.E.R.,"H.E.R. estuvo vinculado al triunfo de ""I Can't Breathe"" en la categoría Canción del Año de los Grammy de 2021."
952,2021,I Can't Breathe,H.E.R.,"La edición de los Grammy celebrada en 2021 distinguió a ""I Can't Breathe"" con el premio a Canción del Año."
953,2021,I Can't Breathe,H.E.R.,"En el historial de los Grammy, ""I Can't Breathe"" aparece como la ganadora de Canción del Año correspondiente a 2021."
954,2021,I Can't Breathe,H.E.R.,"La canción ""I Can't Breathe"", interpretada por H.E.R., recibió uno de los principales Grammy en 2021."
955,2021,I Can't Breathe,H.E.R.,"El reconocimiento a Canción del Año en los Grammy de 2021 fue para la composición titulada ""I Can't Breathe""."
956,2021,I Can't Breathe,H.E.R.,"Según el registro histórico de los Grammy, ""I Can't Breathe"" ganó Canción del Año en 2021."
957,2021,I Can't Breathe,H.E.R.,"La participación de H.E.R. quedó ligada a ""I Can't Breathe"", la Canción del Año en los Grammy de 2021."
958,2021,I Can't Breathe,H.E.R.,"En 2021, la Recording Academy premió a ""I Can't Breathe"" dentro de la categoría Canción del Año."
959,2021,I Can't Breathe,H.E.R.,"El título ""I Can't Breathe"" forma parte de la lista de obras ganadoras del Grammy a Canción del Año, gracias a su victoria en 2021."
960,2021,I Can't Breathe,H.E.R.,"La ceremonia de 2021 incorporó a ""I Can't Breathe"", interpretada por H.E.R., al grupo de ganadoras de Canción del Año."
961,2022,Leave the Door Open,Silk Sonic,"En 2022, ""Leave the Door Open"" obtuvo el Grammy a Canción del Año y fue interpretada por Silk Sonic."
962,2022,Leave the Door Open,Silk Sonic,"La obra ""Leave the Door Open"", asociada con Silk Sonic, ganó la categoría Canción del Año en los Grammy de 2022."
963,2022,Leave the Door Open,Silk Sonic,"Durante la ceremonia de los Grammy de 2022, ""Leave the Door Open"" fue reconocida como Canción del Año."
964,2022,Leave the Door Open,Silk Sonic,"El premio Grammy a Canción del Año de 2022 correspondió a ""Leave the Door Open"", interpretada por Silk Sonic."
965,2022,Leave the Door Open,Silk Sonic,"Entre los ganadores históricos de los Grammy figura ""Leave the Door Open"", premiada como Canción del Año en 2022."
966,2022,Leave the Door Open,Silk Sonic,"Silk Sonic estuvo vinculado al triunfo de ""Leave the Door Open"" en la categoría Canción del Año de los Grammy de 2022."
967,2022,Leave the Door Open,Silk Sonic,"La edición de los Grammy celebrada en 2022 distinguió a ""Leave the Door Open"" con el premio a Canción del Año."
968,2022,Leave the Door Open,Silk Sonic,"En el historial de los Grammy, ""Leave the Door Open"" aparece como la ganadora de Canción del Año correspondiente a 2022."
969,2022,Leave the Door Open,Silk Sonic,"La canción ""Leave the Door Open"", interpretada por Silk Sonic, recibió uno de los principales Grammy en 2022."
970,2022,Leave the Door Open,Silk Sonic,"El reconocimiento a Canción del Año en los Grammy de 2022 fue para la composición titulada ""Leave the Door Open""."
971,2022,Leave the Door Open,Silk Sonic,"Según el registro histórico de los Grammy, ""Leave the Door Open"" ganó Canción del Año en 2022."
972,2022,Leave the Door Open,Silk Sonic,"La participación de Silk Sonic quedó ligada a ""Leave the Door Open"", la Canción del Año en los Grammy de 2022."
973,2022,Leave the Door Open,Silk Sonic,"En 2022, la Recording Academy premió a ""Leave the Door Open"" dentro de la categoría Canción del Año."
974,2022,Leave the Door Open,Silk Sonic,"El título ""Leave the Door Open"" forma parte de la lista de obras ganadoras del Grammy a Canción del Año, gracias a su victoria en 2022."
975,2022,Leave the Door Open,Silk Sonic,"La ceremonia de 2022 incorporó a ""Leave the Door Open"", interpretada por Silk Sonic, al grupo de ganadoras de Canción del Año."
976,2023,Just Like That,Bonnie Raitt,"En 2023, ""Just Like That"" obtuvo el Grammy a Canción del Año y fue interpretada por Bonnie Raitt."
977,2023,Just Like That,Bonnie Raitt,"La obra ""Just Like That"", asociada con Bonnie Raitt, ganó la categoría Canción del Año en los Grammy de 2023."
978,2023,Just Like That,Bonnie Raitt,"Durante la ceremonia de los Grammy de 2023, ""Just Like That"" fue reconocida como Canción del Año."
979,2023,Just Like That,Bonnie Raitt,"El premio Grammy a Canción del Año de 2023 correspondió a ""Just Like That"", interpretada por Bonnie Raitt."
980,2023,Just Like That,Bonnie Raitt,"Entre los ganadores históricos de los Grammy figura ""Just Like That"", premiada como Canción del Año en 2023."
981,2023,Just Like That,Bonnie Raitt,"Bonnie Raitt estuvo vinculado al triunfo de ""Just Like That"" en la categoría Canción del Año de los Grammy de 2023."
982,2023,Just Like That,Bonnie Raitt,"La edición de los Grammy celebrada en 2023 distinguió a ""Just Like That"" con el premio a Canción del Año."
983,2023,Just Like That,Bonnie Raitt,"En el historial de los Grammy, ""Just Like That"" aparece como la ganadora de Canción del Año correspondiente a 2023."
984,2023,Just Like That,Bonnie Raitt,"La canción ""Just Like That"", interpretada por Bonnie Raitt, recibió uno de los principales Grammy en 2023."
985,2023,Just Like That,Bonnie Raitt,"El reconocimiento a Canción del Año en los Grammy de 2023 fue para la composición titulada ""Just Like That""."
986,2023,Just Like That,Bonnie Raitt,"Según el registro histórico de los Grammy, ""Just Like That"" ganó Canción del Año en 2023."
987,2023,Just Like That,Bonnie Raitt,"La participación de Bonnie Raitt quedó ligada a ""Just Like That"", la Canción del Año en los Grammy de 2023."
988,2023,Just Like That,Bonnie Raitt,"En 2023, la Recording Academy premió a ""Just Like That"" dentro de la categoría Canción del Año."
989,2023,Just Like That,Bonnie Raitt,"El título ""Just Like That"" forma parte de la lista de obras ganadoras del Grammy a Canción del Año, gracias a su victoria en 2023."
990,2023,Just Like That,Bonnie Raitt,"La ceremonia de 2023 incorporó a ""Just Like That"", interpretada por Bonnie Raitt, al grupo de ganadoras de Canción del Año."
991,2024,What was I Made for,Billie Eilish,"En 2024, ""What was I Made for"" obtuvo el Grammy a Canción del Año y fue interpretada por Billie Eilish."
992,2024,What was I Made for,Billie Eilish,"La obra ""What was I Made for"", asociada con Billie Eilish, ganó la categoría Canción del Año en los Grammy de 2024."
993,2024,What was I Made for,Billie Eilish,"Durante la ceremonia de los Grammy de 2024, ""What was I Made for"" fue reconocida como Canción del Año."
994,2024,What was I Made for,Billie Eilish,"El premio Grammy a Canción del Año de 2024 correspondió a ""What was I Made for"", interpretada por Billie Eilish."
995,2024,What was I Made for,Billie Eilish,"Entre los ganadores históricos de los Grammy figura ""What was I Made for"", premiada como Canción del Año en 2024."
996,2024,What was I Made for,Billie Eilish,"Billie Eilish estuvo vinculado al triunfo de ""What was I Made for"" en la categoría Canción del Año de los Grammy de 2024."
997,2024,What was I Made for,Billie Eilish,"La edición de los Grammy celebrada en 2024 distinguió a ""What was I Made for"" con el premio a Canción del Año."
998,2024,What was I Made for,Billie Eilish,"En el historial de los Grammy, ""What was I Made for"" aparece como la ganadora de Canción del Año correspondiente a 2024."
999,2024,What was I Made for,Billie Eilish,"La canción ""What was I Made for"", interpretada por Billie Eilish, recibió uno de los principales Grammy en 2024."
1000,2024,What was I Made for,Billie Eilish,"El reconocimiento a Canción del Año en los Grammy de 2024 fue para la composición titulada ""What was I Made for""."
